CREATE DATABASE Inventory;
USE Inventory;

CREATE TABLE Buildings(
	Building_ID INT(5)PRIMARY KEY auto_increment,
    Building_Name VARCHAR(45) NOT NULL UNIQUE KEY
);

INSERT INTO Buildings (Building_ID,Building_Name)
VALUES
(1,'DOCENCIA 1'),(2,'DOCENCIA 2'),(3,'DOCENCIA 4'),(4,'CECADEC'),(5,'TALLER PESADO 1'),(6,'TALLER PESADO 2');


CREATE TABLE Classrooms (
	Classroom_ID INT (5) PRIMARY KEY auto_increment,
    Classroom_Name VARCHAR (45) NOT NULL,
    Building INT (5) NOT NULL, 
    FOREIGN KEY (Building) REFERENCES Buildings (Building_ID)
);

INSERT INTO Classrooms (Classroom_ID, Classroom_Name,Building)
VALUES
(1,'DIRECCIÓN DE DIVISIÓN',1),(2,'TALLER DE MODELADO',1),(3,'SALA 1',1),(4,'AULA 1',1),(5,'AULA 2',1),
(6,'AULA 3',1),(7,'AULA 4',1),(8,'AULA 5',1),(9,'AULA 6',1),(10,'AULA 7',1),(11,'AULA 8',1),(12,'AULA 9',1),
(13,'AULA 14',1),(14,'AULA 15',1),(15,'AULA 16',1),(16,'AULA 17',1),(18,'PASILLO PLANTA ALTA',1),
(19,'PASILLO PLANTA BAJA',1),(20,'CENTRO DE COMPUTO',2),(21,'CENTRO DE COMPUTO',3),(22,'COMPU AULA 1',3),
(23,'COMPU AULA 2',3),(24,'COMPU AULA 3',3),(25,'TALLER DE FOTOGRAFÍA',3),(26,'ÁREA DE CONSULTORIA',4),
(27,'PASILLO PLANTA BAJA',4),(28,'PASILLO PLANTA ALTA',4),(29,'AULA 1',4),(30,'AULA 3',4),(31,'AULA 4',4),
(32,'TALLER DE CABLEADO',4),(33,'TALLER DE DIBUJO',5),(34,'TALLER DE MODELADO',6);


CREATE TABLE Article_Manager(
	Manager_ID INT(5) PRIMARY KEY auto_increment,
	Manager_Status BOOLEAN NOT NULL,
    First_Name VARCHAR (45) NOT NULL,
    Second_Name VARCHAR (45),
    First_Lastname VARCHAR (60) NOT NULL,
    Second_Lastname VARCHAR (60),
    Employee_Num INT (5) NOT NULL UNIQUE KEY,
    Custody_date DATE NOT NULL
);

INSERT INTO Article_Manager (Manager_Status, First_Name, Second_Name, First_Lastname, Second_Lastname, Employee_Num, Custody_date)
VALUES
(1, 'MARTHA', 'FABIOLA', 'DÍAZ', 'WENCES', 155, '2024-04-05');

CREATE TABLE user(
	id BIGINT NOT NULL AUTO_INCREMENT PRIMARY KEY,
    username VARCHAR(100) NOT NULL,
    email VARCHAR(255) NOT NULL UNIQUE KEY,
    password varbinary(255) NOT NULL
);

insert into user (username, email, password) values ('Carlos', 'carlosrodiguez@utez.edu.mx', 'Carlos');

CREATE TABLE Articles (
    Article_ID INT(5) PRIMARY KEY auto_increment,
    Inventory_Number VARCHAR (45) UNIQUE KEY NOT NULL,
    Article_Name VARCHAR(255) NOT NULL,
    Brand_Model VARCHAR(50),
    Serial_Num VARCHAR(50),
    Specifications VARCHAR(50),
    Manager INT(5) NOT NULL,
    Classroom INT(5) NOT NULL,
    
    FOREIGN KEY (Manager) REFERENCES Article_Manager (Manager_ID),
    FOREIGN KEY (Classroom) REFERENCES Classrooms (Classroom_ID)
);


INSERT INTO Articles (Inventory_Number, Article_Name,Manager,Classroom)
VALUES('5101BU-01-163', 'PUPITRE, ESTRUCTURA DE TUBULAR REDONDO Y ASIENTO, RESPALDO Y PALETA DE MADERA.', 1, 10);

INSERT INTO Articles (Inventory_Number, Article_Name,Manager,Classroom)
VALUES
('5101AM-02-018', 'ARMARIO CON 6 ENTREPAÑOS',1,1),
('5101AM-02-031', 'ARMARIO CON 6 ENTREPAÑOS',1,1),
('5101AM-04-005', 'ARMARIO DE MADERA C/ 5 ENTREPAÑOS COLOR GRIS CLARO', 1,1),
('5101AN-02-017', 'ANAQUEL TIPO ESQUELETO METALICO DE 2.13 DE ALTO X 91 CM. DE FRENTE X 45 CM DE',1,34),
('5101AN-02-019', 'ANAQUEL TIPO ESQUELETO METALICO DE 2.13 DE ALTO X 91 CM. DE FRENTE X 45 CM DE', 1,34),
('5101AN-13-021', 'ESTANTE METALICO CON 6 ENTREPAÑOS DE MADERA', 1,1),
('5101AR-01-001', 'ARCHIVERO METÁLICO DE 3 GAVETAS, 45*75*100 CM.', 1,21),
('5101AR-01-009', 'ARCHIVERO METALICO DE 3 GAVETAS', 1,26),
('5101AR-02-019', 'ARCHIVERO METÁLICO DE 3 GAVETAS', 1,1),
('5101AR-03-029', 'ARCHIVERO GRIS OBSCURO METÁLICO VERTICAL TRES GAVETAS',1,23),
('5101AR-03-042', 'ARCHIVERO METÁLICO DE 3 GAVETAS. T/OFICIO', 1,1),
('5101AR-09-008', 'ARCHIVERO METALICO VERTICAL DE 3 GAVETAS', 1,21),
('5101CJ-02-017', 'CAJONERA CON 2 PAP. Y 1 ARCHIVERO',1,1),
('5101CJ-02-0187', 'CAJONERA CON 2 PAP. Y 1 ARCHIVERO',1,1),
('5101EE-01-101', 'ESCRITORIO DE MEDIO PUNTO DE 1.20 X 0.60',1,1),
('5101EE-01-106', 'ESCRITORIO DE MEDIO PUNTO DE 1.50 X 0.70 X 0.74',1,1),
('5101EE-02-002', 'ESCRITORIO DE PUNTO 2.10 X .80',1,1),
('5101LB-01-018', 'LIBRERO HORIZONTAL METÁLICO CON 2 PUERTAS CORREDIZAS COLOR ARENA.', 1,1),
('5101LC-04-019', 'CASILLERO C/ 4 COMPARTIMENTOS 40X 45X (170 ALT) COLOR GRIS C/ JALADERA VERTICAL', 1,2),
('5101LC-04-021', 'CASILLERO C/ 4 COMPARTIMENTOS 40X 45X (170 ALT) COLOR GRIS C/ JALADERA VERTICAL',1,18),
('5101LC-04-024', 'CASILLERO C/ 4 COMPARTIMENTOS 40X 45X (170 ALT) COLOR GRIS C/ JALADERA VERTICAL', 1,19),
('5101LC-04-032', 'CASILLERO C/ 4 COMPARTIMENTOS 40X 45X (170 ALT) COLOR GRIS C/ JALADERA VERTICAL', 1,18),
('5101LC-04-034', 'CASILLERO C/ 4 COMPARTIMENTOS 40X 45X (170 ALT) COLOR GRIS C/ JALADERA VERTICAL',1,19),
('5101LC-04-038', 'CASILLERO C/ 4 COMPARTIMENTOS 40X 45X (170 ALT) COLOR GRIS C/ JALADERA VERTICAL', 1,18),
('5101LC-04-039', 'CASILLERO C/ 4 COMPARTIMENTOS 40X 45X (170 ALT) COLOR GRIS C/ JALADERA VERTICAL', 1,18),
('5101LC-04-043', 'CASILLERO C/ 4 COMPARTIMENTOS 40X 45X (170 ALT) COLOR GRIS C/ JALADERA VERTICAL', 1,19),
('5101LC-04-044', 'CASILLERO C/ 4 COMPARTIMENTOS 40X 45X (170 ALT) COLOR GRIS C/ JALADERA VERTICAL', 1,19),
('5101LC-04-045', 'CASILLERO C/ 4 COMPARTIMENTOS 40X 45X (170 ALT) COLOR GRIS C/ JALADERA VERTICAL', 1,19),
('5101LC-04-046', 'CASILLERO C/ 4 COMPARTIMENTOS 40X 45X (170 ALT) COLOR GRIS C/ JALADERA VERTICAL', 1,19),
('5101LC-04-047', 'CASILLERO C/ 4 COMPARTIMENTOS 40X 45X (170 ALT) COLOR GRIS C/ JALADERA VERTICAL',1,19),
('5101LC-04-048', 'CASILLERO C/ 4 COMPARTIMENTOS 40X 45X (170 ALT) COLOR GRIS C/ JALADERA VERTICAL', 1,19),
('5101LC-04-049', 'CASILLERO C/ 4 COMPARTIMENTOS 40X 45X (170 ALT) COLOR GRIS C/ JALADERA VERTICAL',1,19),
('5101LC-04-050', 'CASILLERO C/ 4 COMPARTIMENTOS 40X 45X (170 ALT) COLOR GRIS C/ JALADERA VERTICAL',1,19),
('5101LC-09-001', 'CASILLERO C/ 4 COMPARTIMENTOS COLOR GRIS', 1,18),
('5101LC-09-005', 'CASILLERO C/ 4 COMPARTIMENTOS COLOR GRIS',1,19),
('5101LC-09-007', 'CASILLERO C/ 4 COMPARTIMENTOS COLOR GRIS', 1,18),
('5101LC-09-010', 'CASILLERO C/ 4 COMPARTIMENTOS COLOR GRIS',1,18),
('5101BM-03-001', 'BANCO TUBULAR 3/4. TAPIZADO CON PLIANA COLOR NEGRO.', 1,2),
('5101BM-03-003', 'BANCO TUBULAR 3/4. TAPIZADO CON PLIANA COLOR NEGRO.', 1,34),
('5101BM-03-004', 'BANCO TUBULAR 3/4. TAPIZADO CON PLIANA COLOR NEGRO.', 1,2),
('5101BM-03-007', 'BANCO TUBULAR 3/4. TAPIZADO CON PLIANA COLOR NEGRO.', 1,34),
('5101BM-03-008', 'BANCO TUBULAR 3/4. TAPIZADO CON PLIANA COLOR NEGRO.', 1,2),
('5101BM-03-009', 'BANCO TUBULAR 3/4. TAPIZADO CON PLIANA COLOR NEGRO.', 1,2),
('5101BM-03-015', 'BANCO TUBULAR 3/4. TAPIZADO CON PLIANA COLOR NEGRO.', 1,2),
('5101BM-03-018', 'BANCO TUBULAR 3/4. TAPIZADO CON PLIANA COLOR NEGRO.', 1,2),
('5101BM-03-019', 'BANCO TUBULAR 3/4. TAPIZADO CON PLIANA COLOR NEGRO.', 1,2),
('5101BM-03-020', 'BANCO TUBULAR 3/4. TAPIZADO CON PLIANA COLOR NEGRO.', 1,2),
('5101BM-03-021', 'BANCO TUBULAR 3/4. TAPIZADO CON PLIANA COLOR NEGRO.', 1,2),
('5101BM-03-023', 'BANCO TUBULAR 3/4. TAPIZADO CON PLIANA COLOR NEGRO.',  1,34),
('5101BM-03-024', 'BANCO TUBULAR 3/4. TAPIZADO CON PLIANA COLOR NEGRO.', 1,2),
('5101BM-03-026', 'BANCO TUBULAR 3/4. TAPIZADO CON PLIANA COLOR NEGRO.', 1,2),
('5101BM-03-031', 'BANCO TUBULAR 3/4. TAPIZADO CON PLIANA COLOR NEGRO.', 1,2),
('5101BM-03-033', 'BANCO TUBULAR 3/4. TAPIZADO CON PLIANA COLOR NEGRO.', 1,2),
('5101BM-09-028', 'BANCO ALTO', 1,2),
('5101BM-09-030', 'BANCO ALTO', 1,2),
('5101BM-09-034', 'BANCO ALTO', 1,2),
('5101BM-09-043', 'BANCA DE TRES PLAZAS',  1,27),
('5101BM-09-044', 'BANCA DE TRES PLAZAS',  1,27),
('5101BM-09-045', 'BANCA DE TRES PLAZAS',  1,27),
('5101BM-09-047', 'BANCA DE TRES PLAZAS',  1,27),
('5101BM-09-048', 'BANCA DE TRES PLAZAS',  1,28),
('5101BU-01-061', 'BUTACA CON PALETA ABATIBLE. COLOR VERDE',  1,3),
('5101BU-01-062', 'BUTACA CON PALETA ABATIBLE. COLOR VERDE',  1,3),
('5101BU-01-063', 'BUTACA CON PALETA ABATIBLE. COLOR VERDE',  1,3),
('5101BU-01-064', 'BUTACA CON PALETA ABATIBLE. COLOR VERDE',  1,3),
('5101BU-01-065', 'BUTACA CON PALETA ABATIBLE. COLOR VERDE',  1,3),
('5101BU-01-066', 'BUTACA CON PALETA ABATIBLE. COLOR VERDE',  1,3),
('5101BU-01-067', 'BUTACA CON PALETA ABATIBLE. COLOR VERDE',  1,3),
('5101BU-01-068', 'BUTACA CON PALETA ABATIBLE. COLOR VERDE',  1,3),
('5101BU-01-069', 'BUTACA CON PALETA ABATIBLE. COLOR VERDE',  1,3),
('5101BU-01-070', 'BUTACA CON PALETA ABATIBLE. COLOR VERDE',  1,3),
('5101BU-01-071', 'BUTACA CON PALETA ABATIBLE. COLOR VERDE',  1,3),
('5101BU-01-072', 'BUTACA CON PALETA ABATIBLE. COLOR VERDE',  1,3),
('5101BU-01-073', 'BUTACA CON PALETA ABATIBLE. COLOR VERDE',  1,3),
('5101BU-01-074', 'BUTACA CON PALETA ABATIBLE. COLOR VERDE',  1,3),
('5101BU-01-075', 'BUTACA CON PALETA ABATIBLE. COLOR VERDE',  1,3),
('5101BU-01-076', 'BUTACA CON PALETA ABATIBLE. COLOR VERDE',  1,3),
('5101BU-01-077', 'BUTACA CON PALETA ABATIBLE. COLOR VERDE',  1,3),
('5101BU-01-078', 'BUTACA CON PALETA ABATIBLE. COLOR VERDE',  1,3),
('5101BU-01-079', 'BUTACA CON PALETA ABATIBLE. COLOR VERDE',  1,3),
('5101BU-01-080', 'BUTACA CON PALETA ABATIBLE. COLOR VERDE',  1,3),
('5101BU-01-081', 'BUTACA CON PALETA ABATIBLE. COLOR VERDE',  1,3),
('5101BU-01-082', 'BUTACA CON PALETA ABATIBLE. COLOR VERDE',  1,3),
('5101BU-01-083', 'BUTACA CON PALETA ABATIBLE. COLOR VERDE',  1,3),
('5101BU-01-084', 'BUTACA CON PALETA ABATIBLE. COLOR VERDE',  1,3),
('5101BU-01-085', 'BUTACA CON PALETA ABATIBLE. COLOR VERDE',  1,3),
('5101BU-01-086', 'BUTACA CON PALETA ABATIBLE. COLOR VERDE',  1,3),
('5101BU-01-087', 'BUTACA CON PALETA ABATIBLE. COLOR VERDE',  1,3),
('5101BU-01-088', 'BUTACA CON PALETA ABATIBLE. COLOR VERDE',  1,3),
('5101BU-01-089', 'BUTACA CON PALETA ABATIBLE. COLOR VERDE',  1,3),
('5101BU-01-090', 'BUTACA CON PALETA ABATIBLE. COLOR VERDE',  1,3),
('5101BU-01-091', 'BUTACA CON PALETA ABATIBLE. COLOR VERDE',  1,3),
('5101BU-01-092', 'BUTACA CON PALETA ABATIBLE. COLOR VERDE',  1,3),
('5101BU-01-093', 'BUTACA CON PALETA ABATIBLE. COLOR VERDE',  1,3),
('5101BU-01-094', 'BUTACA CON PALETA ABATIBLE. COLOR VERDE',  1,3),
('5101BU-01-095', 'BUTACA CON PALETA ABATIBLE. COLOR VERDE',  1,3),
('5101BU-01-096', 'BUTACA CON PALETA ABATIBLE. COLOR VERDE',  1,3),
('5101BU-01-098', 'PUPITRE, ESTRUCTURA DE TUBULAR REDONDO Y ASIENTO, RESPALDO Y PALETA DE MADERA.', 1,8),
('5101BU-01-099', 'PUPITRE, ESTRUCTURA DE TUBULAR REDONDO Y ASIENTO, RESPALDO Y PALETA DE MADERA.',  1,15),
('5101BU-01-100', 'PUPITRE, ESTRUCTURA DE TUBULAR REDONDO Y ASIENTO, RESPALDO Y PALETA DE MADERA.',  1,7),
('5101BU-01-101', 'PUPITRE, ESTRUCTURA DE TUBULAR REDONDO Y ASIENTO, RESPALDO Y PALETA DE MADERA.',  1,12),
('5101BU-01-103', 'PUPITRE, ESTRUCTURA DE TUBULAR REDONDO Y ASIENTO, RESPALDO Y PALETA DE MADERA.',  1,6),
('5101BU-01-106', 'PUPITRE, ESTRUCTURA DE TUBULAR REDONDO Y ASIENTO, RESPALDO Y PALETA DE MADERA.',  1,14),
('5101BU-01-107', 'PUPITRE, ESTRUCTURA DE TUBULAR REDONDO Y ASIENTO, RESPALDO Y PALETA DE MADERA.',  1,7),
('5101BU-01-108', 'PUPITRE, ESTRUCTURA DE TUBULAR REDONDO Y ASIENTO, RESPALDO Y PALETA DE MADERA.',  1,4),
('5101BU-01-109', 'PUPITRE, ESTRUCTURA DE TUBULAR REDONDO Y ASIENTO, RESPALDO Y PALETA DE MADERA.',  1,9),
('5101BU-01-110', 'PUPITRE, ESTRUCTURA DE TUBULAR REDONDO Y ASIENTO, RESPALDO Y PALETA DE MADERA.',  1,15),
('5101BU-01-111', 'PUPITRE, ESTRUCTURA DE TUBULAR REDONDO Y ASIENTO, RESPALDO Y PALETA DE MADERA.', 1,8),
('5101BU-01-113', 'PUPITRE, ESTRUCTURA DE TUBULAR REDONDO Y ASIENTO, RESPALDO Y PALETA DE MADERA.',  1,7),
('5101BU-01-115', 'PUPITRE, ESTRUCTURA DE TUBULAR REDONDO Y ASIENTO, RESPALDO Y PALETA DE MADERA.',  1,15),
('5101BU-01-116', 'PUPITRE, ESTRUCTURA DE TUBULAR REDONDO Y ASIENTO, RESPALDO Y PALETA DE MADERA.',  1,6),
('5101BU-01-117', 'PUPITRE, ESTRUCTURA DE TUBULAR REDONDO Y ASIENTO, RESPALDO Y PALETA DE MADERA.',  1,6),
('5101BU-01-119', 'PUPITRE, ESTRUCTURA DE TUBULAR REDONDO Y ASIENTO, RESPALDO Y PALETA DE MADERA.',  1,13),
('5101BU-01-120', 'PUPITRE, ESTRUCTURA DE TUBULAR REDONDO Y ASIENTO, RESPALDO Y PALETA DE MADERA.',  1,13),
('5101BU-01-121', 'PUPITRE, ESTRUCTURA DE TUBULAR REDONDO Y ASIENTO, RESPALDO Y PALETA DE MADERA.',  1,11),
('5101BU-01-122', 'PUPITRE, ESTRUCTURA DE TUBULAR REDONDO Y ASIENTO, RESPALDO Y PALETA DE MADERA.',  1,14),
('5101BU-01-123', 'PUPITRE, ESTRUCTURA DE TUBULAR REDONDO Y ASIENTO, RESPALDO Y PALETA DE MADERA.', 1,8),
('5101BU-01-124', 'PUPITRE, ESTRUCTURA DE TUBULAR REDONDO Y ASIENTO, RESPALDO Y PALETA DE MADERA.',  1,12),
('5101BU-01-125', 'PUPITRE, ESTRUCTURA DE TUBULAR REDONDO Y ASIENTO, RESPALDO Y PALETA DE MADERA.',  1,12),
('5101BU-01-126', 'PUPITRE, ESTRUCTURA DE TUBULAR REDONDO Y ASIENTO, RESPALDO Y PALETA DE MADERA.',  1,10),
('5101BU-01-127', 'PUPITRE, ESTRUCTURA DE TUBULAR REDONDO Y ASIENTO, RESPALDO Y PALETA DE MADERA.',  1,15),
('5101BU-01-128', 'PUPITRE, ESTRUCTURA DE TUBULAR REDONDO Y ASIENTO, RESPALDO Y PALETA DE MADERA.',  1,14),
('5101BU-01-129', 'PUPITRE, ESTRUCTURA DE TUBULAR REDONDO Y ASIENTO, RESPALDO Y PALETA DE MADERA.',  1,14),
('5101BU-01-130', 'PUPITRE, ESTRUCTURA DE TUBULAR REDONDO Y ASIENTO, RESPALDO Y PALETA DE MADERA.',  1,6),
('5101BU-01-131', 'PUPITRE, ESTRUCTURA DE TUBULAR REDONDO Y ASIENTO, RESPALDO Y PALETA DE MADERA.',  1,12),
('5101BU-01-132', 'PUPITRE, ESTRUCTURA DE TUBULAR REDONDO Y ASIENTO, RESPALDO Y PALETA DE MADERA.',  1,14),
('5101BU-01-133', 'PUPITRE, ESTRUCTURA DE TUBULAR REDONDO Y ASIENTO, RESPALDO Y PALETA DE MADERA.',  1,14),
('5101BU-01-134', 'PUPITRE, ESTRUCTURA DE TUBULAR REDONDO Y ASIENTO, RESPALDO Y PALETA DE MADERA.',  1,10),
('5101BU-01-135', 'PUPITRE, ESTRUCTURA DE TUBULAR REDONDO Y ASIENTO, RESPALDO Y PALETA DE MADERA.',  1,15),
('5101BU-01-136', 'PUPITRE, ESTRUCTURA DE TUBULAR REDONDO Y ASIENTO, RESPALDO Y PALETA DE MADERA.',  1,10),
('5101BU-01-138', 'PUPITRE, ESTRUCTURA DE TUBULAR REDONDO Y ASIENTO, RESPALDO Y PALETA DE MADERA.',  1,16),
('5101BU-01-139', 'PUPITRE, ESTRUCTURA DE TUBULAR REDONDO Y ASIENTO, RESPALDO Y PALETA DE MADERA.',  1,4),
('5101BU-01-140', 'PUPITRE, ESTRUCTURA DE TUBULAR REDONDO Y ASIENTO, RESPALDO Y PALETA DE MADERA.',  1,5),
('5101BU-01-141', 'PUPITRE, ESTRUCTURA DE TUBULAR REDONDO Y ASIENTO, RESPALDO Y PALETA DE MADERA.',  1,10),
('5101BU-01-142', 'PUPITRE, ESTRUCTURA DE TUBULAR REDONDO Y ASIENTO, RESPALDO Y PALETA DE MADERA.', 1,8),
('5101BU-01-144', 'PUPITRE, ESTRUCTURA DE TUBULAR REDONDO Y ASIENTO, RESPALDO Y PALETA DE MADERA.',  1,11),
('5101BU-01-145', 'PUPITRE, ESTRUCTURA DE TUBULAR REDONDO Y ASIENTO, RESPALDO Y PALETA DE MADERA.',  1,9),
('5101BU-01-146', 'PUPITRE, ESTRUCTURA DE TUBULAR REDONDO Y ASIENTO, RESPALDO Y PALETA DE MADERA.',  1,9),
('5101BU-01-147', 'PUPITRE, ESTRUCTURA DE TUBULAR REDONDO Y ASIENTO, RESPALDO Y PALETA DE MADERA.',  1,6),
('5101BU-01-148', 'PUPITRE, ESTRUCTURA DE TUBULAR REDONDO Y ASIENTO, RESPALDO Y PALETA DE MADERA.',  1,15),
('5101BU-01-149', 'PUPITRE, ESTRUCTURA DE TUBULAR REDONDO Y ASIENTO, RESPALDO Y PALETA DE MADERA.',  1,12),
('5101BU-01-150', 'PUPITRE, ESTRUCTURA DE TUBULAR REDONDO Y ASIENTO, RESPALDO Y PALETA DE MADERA.',  1,13),
('5101BU-01-151', 'PUPITRE, ESTRUCTURA DE TUBULAR REDONDO Y ASIENTO, RESPALDO Y PALETA DE MADERA.',  1,15),
('5101BU-01-152', 'PUPITRE, ESTRUCTURA DE TUBULAR REDONDO Y ASIENTO, RESPALDO Y PALETA DE MADERA.',  1,13),
('5101BU-01-154', 'PUPITRE, ESTRUCTURA DE TUBULAR REDONDO Y ASIENTO, RESPALDO Y PALETA DE MADERA.',  1,15),
('5101BU-01-155', 'PUPITRE, ESTRUCTURA DE TUBULAR REDONDO Y ASIENTO, RESPALDO Y PALETA DE MADERA.',  1,15),
('5101BU-01-158', 'PUPITRE, ESTRUCTURA DE TUBULAR REDONDO Y ASIENTO, RESPALDO Y PALETA DE MADERA.',  1,12),
('5101BU-01-160', 'PUPITRE, ESTRUCTURA DE TUBULAR REDONDO Y ASIENTO, RESPALDO Y PALETA DE MADERA.',  1,12),
('5101BU-01-161', 'PUPITRE, ESTRUCTURA DE TUBULAR REDONDO Y ASIENTO, RESPALDO Y PALETA DE MADERA.',  1,11),
('5101BU-01-162', 'PUPITRE, ESTRUCTURA DE TUBULAR REDONDO Y ASIENTO, RESPALDO Y PALETA DE MADERA.',  1,9),
('5101BU-01-164', 'PUPITRE, ESTRUCTURA DE TUBULAR REDONDO Y ASIENTO, RESPALDO Y PALETA DE MADERA.', 1, 14),
('5101BU-01-166', 'PUPITRE, ESTRUCTURA DE TUBULAR REDONDO Y ASIENTO, RESPALDO Y PALETA DE MADERA.', 1, 10),
('5101BU-01-168', 'PUPITRE, ESTRUCTURA DE TUBULAR REDONDO Y ASIENTO, RESPALDO Y PALETA DE MADERA.', 1, 15),
('5101BU-01-170', 'PUPITRE, ESTRUCTURA DE TUBULAR REDONDO Y ASIENTO, RESPALDO Y PALETA DE MADERA.', 1, 7),
('5101BU-01-171', 'PUPITRE, ESTRUCTURA DE TUBULAR REDONDO Y ASIENTO, RESPALDO Y PALETA DE MADERA.', 1, 10),
('5101BU-01-172', 'PUPITRE, ESTRUCTURA DE TUBULAR REDONDO Y ASIENTO, RESPALDO Y PALETA DE MADERA.', 1, 6),
('5101BU-01-176', 'PUPITRE, ESTRUCTURA DE TUBULAR REDONDO Y ASIENTO, RESPALDO Y PALETA DE MADERA.', 1, 6),
('5101BU-01-177', 'PUPITRE, ESTRUCTURA DE TUBULAR REDONDO Y ASIENTO, RESPALDO Y PALETA DE MADERA.', 1, 4),
('5101BU-01-179', 'PUPITRE, ESTRUCTURA DE TUBULAR REDONDO Y ASIENTO, RESPALDO Y PALETA DE MADERA.', 1, 7),
('5101BU-01-180', 'PUPITRE, ESTRUCTURA DE TUBULAR REDONDO Y ASIENTO, RESPALDO Y PALETA DE MADERA.', 1, 6),
('5101BU-01-182', 'PUPITRE, ESTRUCTURA DE TUBULAR REDONDO Y ASIENTO, RESPALDO Y PALETA DE MADERA.', 1, 4),
('5101BU-01-186', 'PUPITRE, ESTRUCTURA DE TUBULAR REDONDO Y ASIENTO, RESPALDO Y PALETA DE MADERA.', 1, 4),
('5101BU-01-187', 'PUPITRE, ESTRUCTURA DE TUBULAR REDONDO Y ASIENTO, RESPALDO Y PALETA DE MADERA.', 1, 7),
('5101BU-02-001', 'BUTACA CON PALETA ABATIBLE. COLOR VERDE', 1, 3),
('5101BU-02-002', 'BUTACA CON PALETA ABATIBLE. COLOR VERDE', 1, 3),
('5101BU-02-003', 'BUTACA CON PALETA ABATIBLE. COLOR VERDE', 1, 3),
('5101BU-02-004', 'BUTACA CON PALETA ABATIBLE. COLOR VERDE', 1, 3),
('5101BU-02-005', 'BUTACA CON PALETA ABATIBLE. COLOR VERDE', 1, 3),
('5101BU-02-006', 'BUTACA CON PALETA ABATIBLE. COLOR VERDE', 1, 3),
('5101BU-02-007', 'BUTACA CON PALETA ABATIBLE. COLOR VERDE', 1, 3),
('5101BU-02-008', 'BUTACA CON PALETA ABATIBLE. COLOR VERDE', 1, 3),
('5101BU-02-009', 'BUTACA CON PALETA ABATIBLE. COLOR VERDE', 1, 3),
('5101BU-02-010', 'BUTACA CON PALETA ABATIBLE. COLOR VERDE', 1, 3),
('5101BU-02-011', 'BUTACA CON PALETA ABATIBLE. COLOR VERDE', 1, 3),
('5101BU-02-012', 'BUTACA CON PALETA ABATIBLE. COLOR VERDE', 1, 3),
('5101BU-02-013', 'BUTACA CON PALETA ABATIBLE. COLOR VERDE', 1, 3),
('5101BU-02-014', 'BUTACA CON PALETA ABATIBLE. COLOR VERDE', 1, 3),
('5101BU-02-015', 'BUTACA CON PALETA ABATIBLE. COLOR VERDE', 1, 3),
('5101BU-02-016', 'BUTACA CON PALETA ABATIBLE. COLOR VERDE', 1, 3),
('5101BU-02-017', 'BUTACA CON PALETA ABATIBLE. COLOR VERDE', 1, 3),
('5101BU-02-018', 'BUTACA CON PALETA ABATIBLE. COLOR VERDE', 1, 3),
('5101BU-02-019', 'BUTACA CON PALETA ABATIBLE. COLOR VERDE', 1, 3),
('5101BU-02-020', 'BUTACA CON PALETA ABATIBLE. COLOR VERDE', 1, 3),
('5101BU-02-021', 'BUTACA CON PALETA ABATIBLE. COLOR VERDE', 1, 3),
('5101BU-02-022', 'BUTACA CON PALETA ABATIBLE. COLOR VERDE', 1, 3),
('5101BU-02-023', 'BUTACA CON PALETA ABATIBLE. COLOR VERDE', 1, 3),
('5101BU-02-024', 'BUTACA CON PALETA ABATIBLE. COLOR VERDE', 1, 3),
('5101BU-02-105', 'SILLA DE ESTRUCTURA METALICA, ASIENTO MOLDEADO Y PALETA DE MADERA', 1, 14),
('5101BU-02-111', 'SILLA DE ESTRUCTURA METALICA, ASIENTO MOLDEADO Y PALETA DE MADERA', 1, 14),
('5101BU-02-113', 'SILLA DE ESTRUCTURA METALICA, ASIENTO MOLDEADO Y PALETA DE MADERA', 1, 15),
('5101BU-02-114', 'SILLA DE ESTRUCTURA METALICA, ASIENTO MOLDEADO Y PALETA DE MADERA', 1, 6),
('5101BU-02-121', 'SILLA DE ESTRUCTURA METALICA, ASIENTO MOLDEADO Y PALETA DE MADERA', 1, 8),
('5101BU-02-123', 'SILLA DE ESTRUCTURA METALICA, ASIENTO MOLDEADO Y PALETA DE MADERA', 1, 10),
('5101BU-02-127', 'SILLA DE ESTRUCTURA METALICA, ASIENTO MOLDEADO Y PALETA DE MADERA', 1, 13),
('5101BU-02-129', 'SILLA DE ESTRUCTURA METALICA, ASIENTO MOLDEADO Y PALETA DE MADERA', 1, 6),
('5101BU-02-131', 'SILLA DE ESTRUCTURA METALICA, ASIENTO MOLDEADO Y PALETA DE MADERA', 1, 8),
('5101BU-02-134', 'SILLA DE ESTRUCTURA METALICA, ASIENTO MOLDEADO Y PALETA DE MADERA', 1, 4),
('5101BU-02-138', 'SILLA DE ESTRUCTURA METALICA, ASIENTO MOLDEADO Y PALETA DE MADERA', 1, 4),
('5101BU-02-139', 'SILLA DE ESTRUCTURA METALICA, ASIENTO MOLDEADO Y PALETA DE MADERA', 1, 10),
('5101BU-02-140', 'SILLA DE ESTRUCTURA METALICA, ASIENTO MOLDEADO Y PALETA DE MADERA', 1, 4),
('5101BU-02-151', 'SILLA DE ESTRUCTURA METALICA, ASIENTO MOLDEADO Y PALETA DE MADERA', 1, 14),
('5101BU-02-152', 'SILLA DE ESTRUCTURA METALICA, ASIENTO MOLDEADO Y PALETA DE MADERA', 1, 8),
('5101BU-02-153', 'SILLA DE ESTRUCTURA METALICA, ASIENTO MOLDEADO Y PALETA DE MADERA', 1, 8),
('5101BU-02-156', 'SILLA DE ESTRUCTURA METALICA, ASIENTO MOLDEADO Y PALETA DE MADERA', 1, 15),
('5101BU-02-161', 'SILLA DE ESTRUCTURA METALICA, ASIENTO MOLDEADO Y PALETA DE MADERA', 1, 13),
('5101BU-02-163', 'SILLA DE ESTRUCTURA METALICA, ASIENTO MOLDEADO Y PALETA DE MADERA', 1, 4),
('5101BU-02-165', 'SILLA DE ESTRUCTURA METALICA, ASIENTO MOLDEADO Y PALETA DE MADERA', 1, 13),
('5101BU-02-169', 'SILLA DE ESTRUCTURA METALICA, ASIENTO MOLDEADO Y PALETA DE MADERA', 1, 14),
('5101BU-02-170', 'SILLA DE ESTRUCTURA METALICA, ASIENTO MOLDEADO Y PALETA DE MADERA', 1, 13),
('5101BU-02-171', 'SILLA DE ESTRUCTURA METALICA, ASIENTO MOLDEADO Y PALETA DE MADERA', 1, 12),
('5101BU-02-172', 'SILLA DE ESTRUCTURA METALICA, ASIENTO MOLDEADO Y PALETA DE MADERA', 1, 10),
('5101BU-02-173', 'SILLA DE ESTRUCTURA METALICA, ASIENTO MOLDEADO Y PALETA DE MADERA', 1, 15),
('5101BU-02-175', 'SILLA DE ESTRUCTURA METALICA, ASIENTO MOLDEADO Y PALETA DE MADERA', 1, 10),
('5101BU-02-176', 'SILLA DE ESTRUCTURA METALICA, ASIENTO MOLDEADO Y PALETA DE MADERA', 1, 12),
('5101BU-02-178', 'SILLA DE ESTRUCTURA METALICA, ASIENTO MOLDEADO Y PALETA DE MADERA', 1, 8),
('5101BU-02-182', 'SILLA DE ESTRUCTURA METALICA, ASIENTO MOLDEADO Y PALETA DE MADERA', 1, 9),
('5101BU-02-183', 'SILLA DE ESTRUCTURA METALICA, ASIENTO MOLDEADO Y PALETA DE MADERA', 1, 14),
('5101BU-02-184', 'SILLA DE ESTRUCTURA METALICA, ASIENTO MOLDEADO Y PALETA DE MADERA', 1, 9),
('5101BU-02-186', 'SILLA DE ESTRUCTURA METALICA, ASIENTO MOLDEADO Y PALETA DE MADERA', 1, 15),
('5101BU-02-190', 'SILLA DE ESTRUCTURA METALICA, ASIENTO MOLDEADO Y PALETA DE MADERA', 1, 10),
('5101BU-02-203', 'SILLA DE ESTRUCTURA METALICA, ASIENTO MOLDEADO Y PALETA DE MADERA', 1, 13),
('5101BU-02-205', 'SILLA DE ESTRUCTURA METALICA, ASIENTO MOLDEADO Y PALETA DE MADERA', 1, 10),
('5101BU-02-209', 'SILLA DE ESTRUCTURA METALICA, ASIENTO MOLDEADO Y PALETA DE MADERA', 1, 9),
('5101BU-02-215', 'SILLA DE ESTRUCTURA METALICA, ASIENTO MOLDEADO Y PALETA DE MADERA', 1, 13),
('5101BU-02-255', 'SILLA DE ESTRUCTURA METALICA, ASIENTO MOLDEADO Y PALETA DE MADERA', 1, 9),
('5101BU-02-256', 'SILLA DE ESTRUCTURA METÁLICA, ASIENTO MOLDEADO Y PALETA DE MADERA', 1, 10),
('5101BU-03-081', 'PUPITRE, ESTRUCTURA DE TUBULAR REDONDO Y ASIENTO, RESPALDO Y PALETA DE MADERA.', 1, 12),
('5101BU-03-084', 'PUPITRE, ESTRUCTURA DE TUBULAR REDONDO Y ASIENTO, RESPALDO Y PALETA DE MADERA.', 1, 7),
('5101BU-03-085', 'PUPITRE, ESTRUCTURA DE TUBULAR REDONDO Y ASIENTO, RESPALDO Y PALETA DE MADERA.', 1, 6),
('5101BU-03-087', 'PUPITRE, ESTRUCTURA DE TUBULAR REDONDO Y ASIENTO, RESPALDO Y PALETA DE MADERA.', 1, 7),
('5101BU-03-088', 'PUPITRE, ESTRUCTURA DE TUBULAR REDONDO Y ASIENTO, RESPALDO Y PALETA DE MADERA.', 1, 7),
('5101BU-03-089', 'PUPITRE, ESTRUCTURA DE TUBULAR REDONDO Y ASIENTO, RESPALDO Y PALETA DE MADERA.', 1, 10),
('5101BU-03-091', 'PUPITRE, ESTRUCTURA DE TUBULAR REDONDO Y ASIENTO, RESPALDO Y PALETA DE MADERA.', 1, 12),
('5101BU-03-093', 'PUPITRE, ESTRUCTURA DE TUBULAR REDONDO Y ASIENTO, RESPALDO Y PALETA DE MADERA.', 1, 8),
('5101BU-03-094', 'PUPITRE, ESTRUCTURA DE TUBULAR REDONDO Y ASIENTO, RESPALDO Y PALETA DE MADERA.', 1, 11),
('5101BU-03-096', 'PUPITRE, ESTRUCTURA DE TUBULAR REDONDO Y ASIENTO, RESPALDO Y PALETA DE MADERA.', 1, 11),
('5101BU-03-097', 'PUPITRE, ESTRUCTURA DE TUBULAR REDONDO Y ASIENTO, RESPALDO Y PALETA DE MADERA.', 1, 8),
('5101BU-03-098', 'PUPITRE, ESTRUCTURA DE TUBULAR REDONDO Y ASIENTO, RESPALDO Y PALETA DE MADERA.', 1, 10),
('5101BU-03-100', 'PUPITRE, ESTRUCTURA DE TUBULAR REDONDO Y ASIENTO, RESPALDO Y PALETA DE MADERA.', 1, 6),
('5101BU-03-101', 'PUPITRE, ESTRUCTURA DE TUBULAR REDONDO Y ASIENTO, RESPALDO Y PALETA DE MADERA.', 1, 11),
('5101BU-03-102', 'PUPITRE, ESTRUCTURA DE TUBULAR REDONDO Y ASIENTO, RESPALDO Y PALETA DE MADERA.', 1, 4),
('5101BU-03-103', 'PUPITRE, ESTRUCTURA DE TUBULAR REDONDO Y ASIENTO, RESPALDO Y PALETA DE MADERA.', 1, 15),
('5101BU-03-104', 'PUPITRE, ESTRUCTURA DE TUBULAR REDONDO Y ASIENTO, RESPALDO Y PALETA DE MADERA.', 1, 8),
('5101BU-03-105', 'PUPITRE, ESTRUCTURA DE TUBULAR REDONDO Y ASIENTO, RESPALDO Y PALETA DE MADERA.', 1, 6),
( '5101BU-03-111', 'PUPITRE, ESTRUCTURA DE TUBULAR REDONDO Y ASIENTO, RESPALDO Y PALETA DE MADERA.', 1, 14),
( '5101BU-03-112', 'PUPITRE, ESTRUCTURA DE TUBULAR REDONDO Y ASIENTO, RESPALDO Y PALETA DE MADERA.', 1, 6),
( '5101BU-03-113', 'PUPITRE, ESTRUCTURA DE TUBULAR REDONDO Y ASIENTO, RESPALDO Y PALETA DE MADERA.', 1, 9),
('5101BU-03-114', 'PUPITRE, ESTRUCTURA DE TUBULAR REDONDO Y ASIENTO, RESPALDO Y PALETA DE MADERA.', 1, 11),
( '5101BU-03-115', 'PUPITRE, ESTRUCTURA DE TUBULAR REDONDO Y ASIENTO, RESPALDO Y PALETA DE MADERA.', 1, 8),
( '5101BU-03-116', 'PUPITRE, ESTRUCTURA DE TUBULAR REDONDO Y ASIENTO, RESPALDO Y PALETA DE MADERA.', 1, 6),
( '5101BU-03-118', 'PUPITRE, ESTRUCTURA DE TUBULAR REDONDO Y ASIENTO, RESPALDO Y PALETA DE MADERA.', 1, 11),
( '5101BU-03-120', 'PUPITRE, ESTRUCTURA DE TUBULAR REDONDO Y ASIENTO, RESPALDO Y PALETA DE MADERA.', 1, 10),
( '5101BU-03-121', 'PUPITRE, ESTRUCTURA DE TUBULAR REDONDO Y ASIENTO, RESPALDO Y PALETA DE MADERA.', 1, 7),
( '5101BU-03-122', 'PUPITRE, ESTRUCTURA DE TUBULAR REDONDO Y ASIENTO, RESPALDO Y PALETA DE MADERA.', 1, 8),
( '5101BU-03-123', 'PUPITRE, ESTRUCTURA DE TUBULAR REDONDO Y ASIENTO, RESPALDO Y PALETA DE MADERA.', 1, 12),
( '5101BU-03-124', 'PUPITRE, ESTRUCTURA DE TUBULAR REDONDO Y ASIENTO, RESPALDO Y PALETA DE MADERA.', 1, 12),
( '5101BU-03-125', 'PUPITRE, ESTRUCTURA DE TUBULAR REDONDO Y ASIENTO, RESPALDO Y PALETA DE MADERA.', 1, 11),
( '5101BU-03-126', 'PUPITRE, ESTRUCTURA DE TUBULAR REDONDO Y ASIENTO, RESPALDO Y PALETA DE MADERA.', 1, 9),
( '5101BU-03-128', 'PUPITRE, ESTRUCTURA DE TUBULAR REDONDO Y ASIENTO, RESPALDO Y PALETA DE MADERA.', 1, 15),
( '5101BU-03-129', 'PUPITRE, ESTRUCTURA DE TUBULAR REDONDO Y ASIENTO, RESPALDO Y PALETA DE MADERA.', 1, 9),
( '5101BU-03-130', 'PUPITRE, ESTRUCTURA DE TUBULAR REDONDO Y ASIENTO, RESPALDO Y PALETA DE MADERA.', 1, 12),
( '5101BU-03-131', 'PUPITRE, ESTRUCTURA DE TUBULAR REDONDO Y ASIENTO, RESPALDO Y PALETA DE MADERA.', 1, 6),
( '5101BU-03-132', 'PUPITRE, ESTRUCTURA DE TUBULAR REDONDO Y ASIENTO, RESPALDO Y PALETA DE MADERA.', 1, 11),
( '5101BU-03-136', 'PUPITRE, ESTRUCTURA DE TUBULAR REDONDO Y ASIENTO, RESPALDO Y PALETA DE MADERA.', 1, 9),
( '5101BU-03-137', 'PUPITRE, ESTRUCTURA DE TUBULAR REDONDO Y ASIENTO, RESPALDO Y PALETA DE MADERA.', 1, 7),
( '5101BU-03-138', 'PUPITRE, ESTRUCTURA DE TUBULAR REDONDO Y ASIENTO, RESPALDO Y PALETA DE MADERA.', 1, 14),
( '5101BU-03-139', 'PUPITRE, ESTRUCTURA DE TUBULAR REDONDO Y ASIENTO, RESPALDO Y PALETA DE MADERA.', 1, 9),
( '5101BU-03-140', 'PUPITRE, ESTRUCTURA DE TUBULAR REDONDO Y ASIENTO, RESPALDO Y PALETA DE MADERA.', 1, 11),
( '5101BU-03-142', 'PUPITRE, ESTRUCTURA DE TUBULAR REDONDO Y ASIENTO, RESPALDO Y PALETA DE MADERA.', 1, 7),
( '5101BU-03-143', 'PUPITRE, ESTRUCTURA DE TUBULAR REDONDO Y ASIENTO, RESPALDO Y PALETA DE MADERA.', 1, 7),
( '5101BU-03-144', 'PUPITRE, ESTRUCTURA DE TUBULAR REDONDO Y ASIENTO, RESPALDO Y PALETA DE MADERA.', 1, 6),
('5101BU-03-146', 'PUPITRE, ESTRUCTURA DE TUBULAR REDONDO Y ASIENTO, RESPALDO Y PALETA DE MADERA.', 1, 10),
( '5101BU-03-147', 'PUPITRE, ESTRUCTURA DE TUBULAR REDONDO Y ASIENTO, RESPALDO Y PALETA DE MADERA.', 1, 6),
( '5101BU-03-148', 'PUPITRE, ESTRUCTURA DE TUBULAR REDONDO Y ASIENTO, RESPALDO Y PALETA DE MADERA.', 1, 8),
( '5101BU-03-149', 'PUPITRE, ESTRUCTURA DE TUBULAR REDONDO Y ASIENTO, RESPALDO Y PALETA DE MADERA.', 1, 9),
( '5101BU-03-150', 'PUPITRE, ESTRUCTURA DE TUBULAR REDONDO Y ASIENTO, RESPALDO Y PALETA DE MADERA.', 1, 9),
( '5101BU-03-151', 'PUPITRE, ESTRUCTURA DE TUBULAR REDONDO Y ASIENTO, RESPALDO Y PALETA DE MADERA.', 1, 9),
( '5101BU-03-152', 'PUPITRE, ESTRUCTURA DE TUBULAR REDONDO Y ASIENTO, RESPALDO Y PALETA DE MADERA.', 1, 7),
( '5101BU-03-153', 'PUPITRE, ESTRUCTURA DE TUBULAR REDONDO Y ASIENTO, RESPALDO Y PALETA DE MADERA.', 1, 9),
( '5101BU-03-154', 'PUPITRE, ESTRUCTURA DE TUBULAR REDONDO Y ASIENTO, RESPALDO Y PALETA DE MADERA.', 1, 6),
( '5101BU-03-155', 'PUPITRE, ESTRUCTURA DE TUBULAR REDONDO Y ASIENTO, RESPALDO Y PALETA DE MADERA.', 1, 6),
( '5101BU-03-156', 'PUPITRE, ESTRUCTURA DE TUBULAR REDONDO Y ASIENTO, RESPALDO Y PALETA DE MADERA.', 1, 11),
( '5101BU-03-157', 'PUPITRE, ESTRUCTURA DE TUBULAR REDONDO Y ASIENTO, RESPALDO Y PALETA DE MADERA.', 1, 8),
( '5101BU-03-158', 'PUPITRE, ESTRUCTURA DE TUBULAR REDONDO Y ASIENTO, RESPALDO Y PALETA DE MADERA.', 1, 10),
( '5101BU-03-159', 'PUPITRE, ESTRUCTURA DE TUBULAR REDONDO Y ASIENTO, RESPALDO Y PALETA DE MADERA.', 1, 8),
( '5101BU-03-161', 'PUPITRE, ESTRUCTURA DE TUBULAR REDONDO Y ASIENTO, RESPALDO Y PALETA DE MADERA.', 1, 9),
( '5101BU-03-162', 'PUPITRE, ESTRUCTURA DE TUBULAR REDONDO Y ASIENTO, RESPALDO Y PALETA DE MADERA.', 1, 10),
( '5101BU-03-163', 'PUPITRE, ESTRUCTURA DE TUBULAR REDONDO Y ASIENTO, RESPALDO Y PALETA DE MADERA.', 1, 15),
( '5101BU-03-164', 'PUPITRE, ESTRUCTURA DE TUBULAR REDONDO Y ASIENTO, RESPALDO Y PALETA DE MADERA.', 1, 12),
( '5101BU-03-165', 'PUPITRE, ESTRUCTURA DE TUBULAR REDONDO Y ASIENTO, RESPALDO Y PALETA DE MADERA.', 1, 14),
( '5101BU-03-167', 'PUPITRE, ESTRUCTURA DE TUBULAR REDONDO Y ASIENTO, RESPALDO Y PALETA DE MADERA.', 1, 10),
( '5101BU-03-168', 'PUPITRE, ESTRUCTURA DE TUBULAR REDONDO Y ASIENTO, RESPALDO Y PALETA DE MADERA.', 1, 11),
( '5101BU-03-171', 'PUPITRE, ESTRUCTURA DE TUBULAR REDONDO Y ASIENTO, RESPALDO Y PALETA DE MADERA.', 1, 13),
( '5101BU-03-172', 'PUPITRE, ESTRUCTURA DE TUBULAR REDONDO Y ASIENTO, RESPALDO Y PALETA DE MADERA.', 1, 10),
( '5101BU-03-174', 'PUPITRE, ESTRUCTURA DE TUBULAR REDONDO Y ASIENTO, RESPALDO Y PALETA DE MADERA.', 1, 9),
( '5101BU-03-175', 'PUPITRE, ESTRUCTURA DE TUBULAR REDONDO Y ASIENTO, RESPALDO Y PALETA DE MADERA.', 1, 10),
( '5101BU-03-176', 'PUPITRE, ESTRUCTURA DE TUBULAR REDONDO Y ASIENTO, RESPALDO Y PALETA DE MADERA.', 1, 11),
( '5101BU-03-178', 'PUPITRE, ESTRUCTURA DE TUBULAR REDONDO Y ASIENTO, RESPALDO Y PALETA DE MADERA.', 1, 6),
( '5101BU-03-179', 'PUPITRE, ESTRUCTURA DE TUBULAR REDONDO Y ASIENTO, RESPALDO Y PALETA DE MADERA.', 1, 4),
( '5101BU-03-181', 'PUPITRE, ESTRUCTURA DE TUBULAR REDONDO Y ASIENTO, RESPALDO Y PALETA DE MADERA.', 1, 4),
( '5101BU-03-182', 'PUPITRE, ESTRUCTURA DE TUBULAR REDONDO Y ASIENTO, RESPALDO Y PALETA DE MADERA.', 1, 7),
( '5101BU-03-183', 'PUPITRE, ESTRUCTURA DE TUBULAR REDONDO Y ASIENTO, RESPALDO Y PALETA DE MADERA.', 1, 14),
( '5101BU-03-184', 'PUPITRE, ESTRUCTURA DE TUBULAR REDONDO Y ASIENTO, RESPALDO Y PALETA DE MADERA.', 1, 13),
( '5101BU-03-185', 'PUPITRE, ESTRUCTURA DE TUBULAR REDONDO Y ASIENTO, RESPALDO Y PALETA DE MADERA.', 1, 9),
( '5101BU-03-186', 'PUPITRE, ESTRUCTURA DE TUBULAR REDONDO Y ASIENTO, RESPALDO Y PALETA DE MADERA.', 1, 10),
( '5101BU-03-188', 'PUPITRE, ESTRUCTURA DE TUBULAR REDONDO Y ASIENTO, RESPALDO Y PALETA DE MADERA.', 1, 13),
( '5101BU-03-190', 'PUPITRE, ESTRUCTURA DE TUBULAR REDONDO Y ASIENTO, RESPALDO Y PALETA DE MADERA.', 1, 12),
( '5101BU-03-191', 'PUPITRE, ESTRUCTURA DE TUBULAR REDONDO Y ASIENTO, RESPALDO Y PALETA DE MADERA.', 1, 9),
( '5101BU-03-192', 'PUPITRE, ESTRUCTURA DE TUBULAR REDONDO Y ASIENTO, RESPALDO Y PALETA DE MADERA.', 1, 11),
( '5101BU-03-193', 'PUPITRE, ESTRUCTURA DE TUBULAR REDONDO Y ASIENTO, RESPALDO Y PALETA DE MADERA.', 1, 7),
( '5101BU-03-195', 'PUPITRE, ESTRUCTURA DE TUBULAR REDONDO Y ASIENTO, RESPALDO Y PALETA DE MADERA.', 1, 15),
( '5101BU-03-196', 'PUPITRE, ESTRUCTURA DE TUBULAR REDONDO Y ASIENTO, RESPALDO Y PALETA DE MADERA.', 1, 11),
( '5101BU-03-197', 'PUPITRE, ESTRUCTURA DE TUBULAR REDONDO Y ASIENTO, RESPALDO Y PALETA DE MADERA.', 1, 7),
( '5101BU-03-198', 'PUPITRE, ESTRUCTURA DE TUBULAR REDONDO Y ASIENTO, RESPALDO Y PALETA DE MADERA.', 1, 12),
( '5101BU-03-199', 'PUPITRE, ESTRUCTURA DE TUBULAR REDONDO Y ASIENTO, RESPALDO Y PALETA DE MADERA.', 1, 11),
( '5101BU-03-200', 'PUPITRE, ESTRUCTURA DE TUBULAR REDONDO Y ASIENTO, RESPALDO Y PALETA DE MADERA.', 1, 11),
( '5101BU-03-201', 'PUPITRE, ESTRUCTURA DE TUBULAR REDONDO Y ASIENTO, RESPALDO Y PALETA DE MADERA.', 1, 7),
( '5101BU-03-202', 'PUPITRE, ESTRUCTURA DE TUBULAR REDONDO Y ASIENTO, RESPALDO Y PALETA DE MADERA.', 1, 11),
( '5101BU-03-203', 'PUPITRE, ESTRUCTURA DE TUBULAR REDONDO Y ASIENTO, RESPALDO Y PALETA DE MADERA.', 1, 9),
( '5101BU-03-204', 'PUPITRE, ESTRUCTURA DE TUBULAR REDONDO Y ASIENTO, RESPALDO Y PALETA DE MADERA.', 1, 15),
( '5101BU-03-206', 'PUPITRE, ESTRUCTURA DE TUBULAR REDONDO Y ASIENTO, RESPALDO Y PALETA DE MADERA.', 1, 11),
( '5101BU-03-207', 'PUPITRE, ESTRUCTURA DE TUBULAR REDONDO Y ASIENTO, RESPALDO Y PALETA DE MADERA.', 1, 11),
( '5101BU-03-208', 'PUPITRE, ESTRUCTURA DE TUBULAR REDONDO Y ASIENTO, RESPALDO Y PALETA DE MADERA.', 1, 10),
( '5101BU-03-209', 'PUPITRE, ESTRUCTURA DE TUBULAR REDONDO Y ASIENTO, RESPALDO Y PALETA DE MADERA.', 1, 6),
( '5101BU-03-210', 'PUPITRE, ESTRUCTURA DE TUBULAR REDONDO Y ASIENTO, RESPALDO Y PALETA DE MADERA.', 1, 4),
( '5101BU-03-211', 'PUPITRE, ESTRUCTURA DE TUBULAR REDONDO Y ASIENTO, RESPALDO Y PALETA DE MADERA.', 1, 12),
( '5101BU-03-212', 'PUPITRE, ESTRUCTURA DE TUBULAR REDONDO Y ASIENTO, RESPALDO Y PALETA DE MADERA.', 1, 14),
( '5101BU-03-213', 'PUPITRE, ESTRUCTURA DE TUBULAR REDONDO Y ASIENTO, RESPALDO Y PALETA DE MADERA.', 1, 11),
( '5101BU-03-218', 'PUPITRE, ESTRUCTURA DE TUBULAR REDONDO Y ASIENTO, RESPALDO Y PALETA DE MADERA.', 1, 14),
( '5101BU-03-219', 'PUPITRE, ESTRUCTURA DE TUBULAR REDONDO Y ASIENTO, RESPALDO Y PALETA DE MADERA.', 1, 15),
( '5101BU-03-220', 'PUPITRE, ESTRUCTURA DE TUBULAR REDONDO Y ASIENTO, RESPALDO Y PALETA DE MADERA.', 1, 14),
( '5101BU-03-222', 'PUPITRE, ESTRUCTURA DE TUBULAR REDONDO Y ASIENTO, RESPALDO Y PALETA DE MADERA.', 1, 13),
( '5101BU-03-223', 'PUPITRE, ESTRUCTURA DE TUBULAR REDONDO Y ASIENTO, RESPALDO Y PALETA DE MADERA.', 1, 13),
( '5101BU-03-224', 'PUPITRE, ESTRUCTURA DE TUBULAR REDONDO Y ASIENTO, RESPALDO Y PALETA DE MADERA.', 1, 8),
( '5101BU-03-225', 'PUPITRE, ESTRUCTURA DE TUBULAR REDONDO Y ASIENTO, RESPALDO Y PALETA DE MADERA.', 1, 14),
( '5101BU-03-226', 'PUPITRE, ESTRUCTURA DE TUBULAR REDONDO Y ASIENTO, RESPALDO Y PALETA DE MADERA.', 1, 13),
( '5101BU-03-227', 'PUPITRE, ESTRUCTURA DE TUBULAR REDONDO Y ASIENTO, RESPALDO Y PALETA DE MADERA.', 1, 15),
( '5101BU-03-229', 'PUPITRE, ESTRUCTURA DE TUBULAR REDONDO Y ASIENTO, RESPALDO Y PALETA DE MADERA.', 1, 9),
( '5101BU-03-232', 'PUPITRE, ESTRUCTURA DE TUBULAR REDONDO Y ASIENTO, RESPALDO Y PALETA DE MADERA.', 1, 15),
( '5101BU-03-233', 'PUPITRE, ESTRUCTURA DE TUBULAR REDONDO Y ASIENTO, RESPALDO Y PALETA DE MADERA.', 1, 13),
( '5101BU-03-234', 'PUPITRE, ESTRUCTURA DE TUBULAR REDONDO Y ASIENTO, RESPALDO Y PALETA DE MADERA.', 1, 8),
( '5101BU-03-236', 'PUPITRE, ESTRUCTURA DE TUBULAR REDONDO Y ASIENTO, RESPALDO Y PALETA DE MADERA.', 1, 7),
( '5101BU-03-237', 'PUPITRE, ESTRUCTURA DE TUBULAR REDONDO Y ASIENTO, RESPALDO Y PALETA DE MADERA.', 1, 13),
( '5101BU-03-239', 'PUPITRE, ESTRUCTURA DE TUBULAR REDONDO Y ASIENTO, RESPALDO Y PALETA DE MADERA.', 1, 12),
( '5101BU-03-240', 'PUPITRE, ESTRUCTURA DE TUBULAR REDONDO Y ASIENTO, RESPALDO Y PALETA DE MADERA.', 1, 15),
( '5101BU-03-241', 'PUPITRE, ESTRUCTURA DE TUBULAR REDONDO Y ASIENTO, RESPALDO Y PALETA DE MADERA.', 1, 6),
( '5101BU-03-242', 'PUPITRE, ESTRUCTURA DE TUBULAR REDONDO Y ASIENTO, RESPALDO Y PALETA DE MADERA.', 1, 15),
( '5101BU-03-243', 'PUPITRE, ESTRUCTURA DE TUBULAR REDONDO Y ASIENTO, RESPALDO Y PALETA DE MADERA.', 1, 12),
( '5101BU-03-244', 'PUPITRE, ESTRUCTURA DE TUBULAR REDONDO Y ASIENTO, RESPALDO Y PALETA DE MADERA.', 1, 13),
( '5101BU-03-245', 'PUPITRE, ESTRUCTURA DE TUBULAR REDONDO Y ASIENTO, RESPALDO Y PALETA DE MADERA.', 1, 12),
('5101BU-03-246', 'PUPITRE, ESTRUCTURA DE TUBULAR REDONDO Y ASIENTO, RESPALDO Y PALETA DE MADERA.', 1, 10),
( '5101BU-03-247', 'PUPITRE, ESTRUCTURA DE TUBULAR REDONDO Y ASIENTO, RESPALDO Y PALETA DE MADERA.', 1, 14),
( '5101BU-03-248', 'PUPITRE, ESTRUCTURA DE TUBULAR REDONDO Y ASIENTO, RESPALDO Y PALETA DE MADERA.', 1, 14),
( '5101BU-03-249', 'PUPITRE, ESTRUCTURA DE TUBULAR REDONDO Y ASIENTO, RESPALDO Y PALETA DE MADERA.', 1, 8),
( '5101BU-03-250', 'PUPITRE, ESTRUCTURA DE TUBULAR REDONDO Y ASIENTO, RESPALDO Y PALETA DE MADERA.', 1, 15),
( '5101BU-03-251', 'PUPITRE, ESTRUCTURA DE TUBULAR REDONDO Y ASIENTO, RESPALDO Y PALETA DE MADERA.', 1, 15),
( '5101BU-03-252', 'PUPITRE, ESTRUCTURA DE TUBULAR REDONDO Y ASIENTO, RESPALDO Y PALETA DE MADERA.', 1, 7),
( '5101BU-03-254', 'PUPITRE, ESTRUCTURA DE TUBULAR REDONDO Y ASIENTO, RESPALDO Y PALETA DE MADERA.', 1, 11),
( '5101BU-03-256', 'PUPITRE, ESTRUCTURA DE TUBULAR REDONDO Y ASIENTO, RESPALDO Y PALETA DE MADERA.', 1, 15),
( '5101BU-03-257', 'PUPITRE, ESTRUCTURA DE TUBULAR REDONDO Y ASIENTO, RESPALDO Y PALETA DE MADERA.', 1, 13),
( '5101BU-03-258', 'PUPITRE, ESTRUCTURA DE TUBULAR REDONDO Y ASIENTO, RESPALDO Y PALETA DE MADERA.', 1, 13),
( '5101BU-03-259', 'PUPITRE, ESTRUCTURA DE TUBULAR REDONDO Y ASIENTO, RESPALDO Y PALETA DE MADERA.', 1, 9),
( '5101BU-03-260', 'PUPITRE, ESTRUCTURA DE TUBULAR REDONDO Y ASIENTO, RESPALDO Y PALETA DE MADERA.', 1, 12),
( '5101BU-03-261', 'PUPITRE, ESTRUCTURA DE TUBULAR REDONDO Y ASIENTO, RESPALDO Y PALETA DE MADERA.', 1, 12),
( '5101BU-03-263', 'PUPITRE, ESTRUCTURA DE TUBULAR REDONDO Y ASIENTO, RESPALDO Y PALETA DE MADERA.', 1, 10),
( '5101BU-03-264', 'PUPITRE, ESTRUCTURA DE TUBULAR REDONDO Y ASIENTO, RESPALDO Y PALETA DE MADERA.', 1, 9),
( '5101BU-03-265', 'PUPITRE, ESTRUCTURA DE TUBULAR REDONDO Y ASIENTO, RESPALDO Y PALETA DE MADERA.', 1, 10),
( '5101BU-03-266', 'PUPITRE, ESTRUCTURA DE TUBULAR REDONDO Y ASIENTO, RESPALDO Y PALETA DE MADERA.', 1, 9),
( '5101BU-03-267', 'PUPITRE, ESTRUCTURA DE TUBULAR REDONDO Y ASIENTO, RESPALDO Y PALETA DE MADERA.', 1, 6),
( '5101BU-03-268', 'PUPITRE, ESTRUCTURA DE TUBULAR REDONDO Y ASIENTO, RESPALDO Y PALETA DE MADERA.', 1, 4),
( '5101BU-03-269', 'PUPITRE, ESTRUCTURA DE TUBULAR REDONDO Y ASIENTO, RESPALDO Y PALETA DE MADERA.', 1, 7),
('5101BU-03-270', 'PUPITRE, ESTRUCTURA DE TUBULAR REDONDO Y ASIENTO, RESPALDO Y PALETA DE MADERA.', 1, 7),
( '5101BU-03-271', 'PUPITRE, ESTRUCTURA DE TUBULAR REDONDO Y ASIENTO, RESPALDO Y PALETA DE MADERA.', 1, 15),
( '5101BU-03-272', 'PUPITRE, ESTRUCTURA DE TUBULAR REDONDO Y ASIENTO, RESPALDO Y PALETA DE MADERA.', 1, 12),
( '5101BU-03-275', 'PUPITRE, ESTRUCTURA DE TUBULAR REDONDO Y ASIENTO, RESPALDO Y PALETA DE MADERA.', 1, 13),
( '5101BU-03-276', 'PUPITRE, ESTRUCTURA DE TUBULAR REDONDO Y ASIENTO, RESPALDO Y PALETA DE MADERA.', 1, 8),
( '5101BU-03-277', 'PUPITRE, ESTRUCTURA DE TUBULAR REDONDO Y ASIENTO, RESPALDO Y PALETA DE MADERA.', 1, 4),
( '5101BU-03-280', 'PUPITRE, ESTRUCTURA DE TUBULAR REDONDO Y ASIENTO, RESPALDO Y PALETA DE MADERA.', 1, 14),
( '5101BU-03-289', 'PUPITRE, ESTRUCTURA DE TUBULAR REDONDO Y ASIENTO, RESPALDO Y PALETA DE MADERA.', 1, 4),
( '5101BU-03-294', 'PUPITRE, ESTRUCTURA DE TUBULAR REDONDO Y ASIENTO, RESPALDO Y PALETA DE MADERA.', 1, 4),
( '5101BU-03-300', 'PUPITRE, ESTRUCTURA DE TUBULAR REDONDO Y ASIENTO, RESPALDO Y PALETA DE MADERA.', 1, 4),
( '5101BU-03-303', 'PUPITRE, ESTRUCTURA DE TUBULAR REDONDO Y ASIENTO, RESPALDO Y PALETA DE MADERA.', 1, 14),
( '5101BU-03-304', 'PUPITRE, ESTRUCTURA DE TUBULAR REDONDO Y ASIENTO, RESPALDO Y PALETA DE MADERA.', 1, 15),
( '5101BU-03-306', 'PUPITRE, ESTRUCTURA DE TUBULAR REDONDO Y ASIENTO, RESPALDO Y PALETA DE MADERA.', 1, 10),
( '5101BU-03-307', 'PUPITRE, ESTRUCTURA DE TUBULAR REDONDO Y ASIENTO, RESPALDO Y PALETA DE MADERA.', 1, 10),
( '5101BU-03-308', 'PUPITRE, ESTRUCTURA DE TUBULAR REDONDO Y ASIENTO, RESPALDO Y PALETA DE MADERA.', 1, 8),
( '5101BU-03-310', 'PUPITRE, ESTRUCTURA DE TUBULAR REDONDO Y ASIENTO, RESPALDO Y PALETA DE MADERA.', 1, 14),
( '5101BU-03-311', 'PUPITRE, ESTRUCTURA DE TUBULAR REDONDO Y ASIENTO, RESPALDO Y PALETA DE MADERA.', 1, 12),
( '5101BU-03-312', 'PUPITRE, ESTRUCTURA DE TUBULAR REDONDO Y ASIENTO, RESPALDO Y PALETA DE MADERA.', 1, 15),
( '5101BU-03-313', 'PUPITRE, ESTRUCTURA DE TUBULAR REDONDO Y ASIENTO, RESPALDO Y PALETA DE MADERA.', 1, 12),
( '5101BU-03-314', 'PUPITRE, ESTRUCTURA DE TUBULAR REDONDO Y ASIENTO, RESPALDO Y PALETA DE MADERA.', 1, 8),
( '5101BU-03-315', 'PUPITRE, ESTRUCTURA DE TUBULAR REDONDO Y ASIENTO, RESPALDO Y PALETA DE MADERA.', 1, 13),
( '5101BU-03-317', 'PUPITRE, ESTRUCTURA DE TUBULAR REDONDO Y ASIENTO, RESPALDO Y PALETA DE MADERA.', 1, 8),
( '5101BU-03-318', 'PUPITRE, ESTRUCTURA DE TUBULAR REDONDO Y ASIENTO, RESPALDO Y PALETA DE MADERA.', 1, 13),
( '5101BU-03-320', 'PUPITRE, ESTRUCTURA DE TUBULAR REDONDO Y ASIENTO, RESPALDO Y PALETA DE MADERA.', 1, 4),
( '5101BU-03-322', 'PUPITRE, ESTRUCTURA DE TUBULAR REDONDO Y ASIENTO, RESPALDO Y PALETA DE MADERA.', 1, 4),
( '5101BU-03-327', 'PUPITRE, ESTRUCTURA DE TUBULAR REDONDO Y ASIENTO, RESPALDO Y PALETA DE MADERA.', 1, 6),
( '5101BU-03-330', 'PUPITRE, ESTRUCTURA DE TUBULAR REDONDO Y ASIENTO, RESPALDO Y PALETA DE MADERA.', 1, 4),
( '5101BU-03-332', 'PUPITRE, ESTRUCTURA DE TUBULAR REDONDO Y ASIENTO, RESPALDO Y PALETA DE MADERA.', 1, 4),
( '5101BU-03-336', 'PUPITRE, ESTRUCTURA DE TUBULAR REDONDO Y ASIENTO, RESPALDO Y PALETA DE MADERA.', 1, 11),
( '5101BU-03-343', 'PUPITRE, ESTRUCTURA DE TUBULAR REDONDO Y ASIENTO, RESPALDO Y PALETA DE MADERA.', 1, 12),
( '5101BU-03-345', 'PUPITRE, ESTRUCTURA DE TUBULAR REDONDO Y ASIENTO, RESPALDO Y PALETA DE MADERA.', 1, 15),
( '5101BU-03-348', 'PUPITRE, ESTRUCTURA DE TUBULAR REDONDO Y ASIENTO, RESPALDO Y PALETA DE MADERA.', 1, 14),
( '5101BU-03-349', 'PUPITRE, ESTRUCTURA DE TUBULAR REDONDO Y ASIENTO, RESPALDO Y PALETA DE MADERA.', 1, 14),
( '5101BU-03-351', 'PUPITRE, ESTRUCTURA DE TUBULAR REDONDO Y ASIENTO, RESPALDO Y PALETA DE MADERA.', 1, 13),
( '5101BU-03-353', 'PUPITRE, ESTRUCTURA DE TUBULAR REDONDO Y ASIENTO, RESPALDO Y PALETA DE MADERA.', 1, 4),
( '5101BU-03-358', 'PUPITRE, ESTRUCTURA DE TUBULAR REDONDO Y ASIENTO, RESPALDO Y PALETA DE MADERA.', 1, 12),
( '5101BU-03-360', 'PUPITRE, ESTRUCTURA DE TUBULAR REDONDO Y ASIENTO, RESPALDO Y PALETA DE MADERA.', 1, 14),
( '5101BU-03-361', 'PUPITRE, ESTRUCTURA DE TUBULAR REDONDO Y ASIENTO, RESPALDO Y PALETA DE MADERA.', 1, 4),
( '5101BU-03-362', 'PUPITRE, ESTRUCTURA DE TUBULAR REDONDO Y ASIENTO, RESPALDO Y PALETA DE MADERA.', 1, 15),
( '5101BU-03-363', 'PUPITRE, ESTRUCTURA DE TUBULAR REDONDO Y ASIENTO, RESPALDO Y PALETA DE MADERA.', 1, 8),
( '5101BU-03-364', 'PUPITRE, ESTRUCTURA DE TUBULAR REDONDO Y ASIENTO, RESPALDO Y PALETA DE MADERA.', 1, 14),
( '5101BU-03-366', 'PUPITRE, ESTRUCTURA DE TUBULAR REDONDO Y ASIENTO, RESPALDO Y PALETA DE MADERA.', 1, 11),
( '5101BU-03-367', 'PUPITRE, ESTRUCTURA DE TUBULAR REDONDO Y ASIENTO, RESPALDO Y PALETA DE MADERA.', 1, 4),
( '5101BU-03-368', 'PUPITRE, ESTRUCTURA DE TUBULAR REDONDO Y ASIENTO, RESPALDO Y PALETA DE MADERA.', 1, 11),
( '5101BU-03-371', 'PUPITRE, ESTRUCTURA DE TUBULAR REDONDO Y ASIENTO, RESPALDO Y PALETA DE MADERA.', 1, 8),
( '5101BU-03-373', 'PUPITRE, ESTRUCTURA DE TUBULAR REDONDO Y ASIENTO, RESPALDO Y PALETA DE MADERA.', 1, 7),
( '5101BU-03-377', 'PUPITRE, ESTRUCTURA DE TUBULAR REDONDO Y ASIENTO, RESPALDO Y PALETA DE MADERA.', 1, 11),
( '5101BU-03-378', 'PUPITRE, ESTRUCTURA DE TUBULAR REDONDO Y ASIENTO, RESPALDO Y PALETA DE MADERA.', 1, 7),
( '5101BU-03-380', 'PUPITRE, ESTRUCTURA DE TUBULAR REDONDO Y ASIENTO, RESPALDO Y PALETA DE MADERA.', 1, 13),
( '5101BU-03-381', 'PUPITRE, ESTRUCTURA DE TUBULAR REDONDO Y ASIENTO, RESPALDO Y PALETA DE MADERA.', 1, 7),
( '5101BU-03-383', 'PUPITRE, ESTRUCTURA DE TUBULAR REDONDO Y ASIENTO, RESPALDO Y PALETA DE MADERA.', 1, 4),
( '5101BU-03-384', 'PUPITRE, ESTRUCTURA DE TUBULAR REDONDO Y ASIENTO, RESPALDO Y PALETA DE MADERA.', 1, 7),
( '5101BU-03-385', 'PUPITRE, ESTRUCTURA DE TUBULAR REDONDO Y ASIENTO, RESPALDO Y PALETA DE MADERA.', 1, 4),
( '5101BU-03-386', 'PUPITRE, ESTRUCTURA DE TUBULAR REDONDO Y ASIENTO, RESPALDO Y PALETA DE MADERA.', 1, 9),
( '5101BU-03-387', 'PUPITRE, ESTRUCTURA DE TUBULAR REDONDO Y ASIENTO, RESPALDO Y PALETA DE MADERA.', 1, 14),
( '5101BU-03-388', 'PUPITRE, ESTRUCTURA DE TUBULAR REDONDO Y ASIENTO, RESPALDO Y PALETA DE MADERA.', 1, 6),
( '5101BU-03-389', 'PUPITRE, ESTRUCTURA DE TUBULAR REDONDO Y ASIENTO, RESPALDO Y PALETA DE MADERA.', 1, 6),
( '5101BU-03-390', 'PUPITRE, ESTRUCTURA DE TUBULAR REDONDO Y ASIENTO, RESPALDO Y PALETA DE MADERA.', 1, 6),
( '5101BU-03-391', 'PUPITRE, ESTRUCTURA DE TUBULAR REDONDO Y ASIENTO, RESPALDO Y PALETA DE MADERA.', 1, 8),
( '5101BU-03-392', 'PUPITRE, ESTRUCTURA DE TUBULAR REDONDO Y ASIENTO, RESPALDO Y PALETA DE MADERA.', 1, 10),
( '5101BU-03-394', 'PUPITRE, ESTRUCTURA DE TUBULAR REDONDO Y ASIENTO, RESPALDO Y PALETA DE MADERA.', 1, 12),
( '5101BU-03-396', 'PUPITRE, ESTRUCTURA DE TUBULAR REDONDO Y ASIENTO, RESPALDO Y PALETA DE MADERA.', 1, 7),
( '5101BU-03-397', 'PUPITRE, ESTRUCTURA DE TUBULAR REDONDO Y ASIENTO, RESPALDO Y PALETA DE MADERA.', 1, 11),
( '5101BU-03-399', 'PUPITRE, ESTRUCTURA DE TUBULAR REDONDO Y ASIENTO, RESPALDO Y PALETA DE MADERA.', 1, 4),
( '5101BU-03-400', 'PUPITRE, ESTRUCTURA DE TUBULAR REDONDO Y ASIENTO, RESPALDO Y PALETA DE MADERA.', 1, 15),
( '5101BU-03-401', 'PUPITRE, ESTRUCTURA DE TUBULAR REDONDO Y ASIENTO, RESPALDO Y PALETA DE MADERA.', 1, 8),
( '5101BU-03-402', 'PUPITRE, ESTRUCTURA DE TUBULAR REDONDO Y ASIENTO, RESPALDO Y PALETA DE MADERA.', 1, 11),
( '5101BU-03-403', 'PUPITRE, ESTRUCTURA DE TUBULAR REDONDO Y ASIENTO, RESPALDO Y PALETA DE MADERA.', 1, 12),
( '5101BU-03-405', 'PUPITRE, ESTRUCTURA DE TUBULAR REDONDO Y ASIENTO, RESPALDO Y PALETA DE MADERA.', 1, 7),
( '5101BU-03-406', 'PUPITRE, ESTRUCTURA DE TUBULAR REDONDO Y ASIENTO, RESPALDO Y PALETA DE MADERA.', 1, 6),
( '5101BU-03-407', 'PUPITRE, ESTRUCTURA DE TUBULAR REDONDO Y ASIENTO, RESPALDO Y PALETA DE MADERA.', 1, 10),
( '5101BU-03-408', 'PUPITRE, ESTRUCTURA DE TUBULAR REDONDO Y ASIENTO, RESPALDO Y PALETA DE MADERA.', 1, 7),
( '5101BU-03-410', 'PUPITRE, ESTRUCTURA DE TUBULAR REDONDO Y ASIENTO, RESPALDO Y PALETA DE MADERA.', 1, 12),
( '5101BU-03-412', 'PUPITRE, ESTRUCTURA DE TUBULAR REDONDO Y ASIENTO, RESPALDO Y PALETA DE MADERA.', 1, 6),
( '5101BU-03-414', 'PUPITRE, ESTRUCTURA DE TUBULAR REDONDO Y ASIENTO, RESPALDO Y PALETA DE MADERA.', 1, 9),
( '5101BU-03-415', 'PUPITRE, ESTRUCTURA DE TUBULAR REDONDO Y ASIENTO, RESPALDO Y PALETA DE MADERA.', 1, 12),
( '5101BU-03-416', 'PUPITRE, ESTRUCTURA DE TUBULAR REDONDO Y ASIENTO, RESPALDO Y PALETA DE MADERA.', 1, 13),
( '5101BU-03-417', 'PUPITRE, ESTRUCTURA DE TUBULAR REDONDO Y ASIENTO, RESPALDO Y PALETA DE MADERA.', 1, 10),
( '5101BU-03-418', 'PUPITRE, ESTRUCTURA DE TUBULAR REDONDO Y ASIENTO, RESPALDO Y PALETA DE MADERA.', 1, 8),
( '5101BU-03-419', 'PUPITRE, ESTRUCTURA DE TUBULAR REDONDO Y ASIENTO, RESPALDO Y PALETA DE MADERA.', 1, 7),
( '5101BU-03-420', 'PUPITRE, ESTRUCTURA DE TUBULAR REDONDO Y ASIENTO, RESPALDO Y PALETA DE MADERA.', 1, 13),
( '5101BU-03-421', 'PUPITRE, ESTRUCTURA DE TUBULAR REDONDO Y ASIENTO, RESPALDO Y PALETA DE MADERA.', 1, 13),
( '5101BU-03-422', 'PUPITRE, ESTRUCTURA DE TUBULAR REDONDO Y ASIENTO, RESPALDO Y PALETA DE MADERA.', 1, 9),
( '5101BU-03-423', 'PUPITRE, ESTRUCTURA DE TUBULAR REDONDO Y ASIENTO, RESPALDO Y PALETA DE MADERA.', 1, 11),
( '5101BU-03-425', 'PUPITRE, ESTRUCTURA DE TUBULAR REDONDO Y ASIENTO, RESPALDO Y PALETA DE MADERA.', 1, 12),
( '5101BU-03-426', 'PUPITRE, ESTRUCTURA DE TUBULAR REDONDO Y ASIENTO, RESPALDO Y PALETA DE MADERA.', 1, 10),
( '5101BU-03-427', 'PUPITRE, ESTRUCTURA DE TUBULAR REDONDO Y ASIENTO, RESPALDO Y PALETA DE MADERA.', 1, 11),
( '5101BU-03-428', 'PUPITRE, ESTRUCTURA DE TUBULAR REDONDO Y ASIENTO, RESPALDO Y PALETA DE MADERA.', 1, 11),
( '5101BU-03-429', 'PUPITRE, ESTRUCTURA DE TUBULAR REDONDO Y ASIENTO, RESPALDO Y PALETA DE MADERA.', 1, 9),
( '5101BU-03-785', 'PUPITRE, ESTRUCTURA DE TUBULAR REDONDO Y ASIENTO, RESPALDO ACOJINADO COLOR', 1, 9),
( '5101BU-10-002', 'BUTACA ESTRUCTURA METALICA, ASIENTO, RESPALDO Y PALETA MADERA', 1, 8),
( '5101BU-10-004', 'BUTACA ESTRUCTURA METALICA, ASIENTO, RESPALDO Y PALETA MADERA', 1, 8),
( '5101BU-10-007', 'BUTACA ESTRUCTURA METALICA, ASIENTO, RESPALDO Y PALETA MADERA', 1, 9),
( '5101BU-10-008', 'BUTACA ESTRUCTURA METALICA, ASIENTO, RESPALDO Y PALETA MADERA', 1, 10),
( '5101BU-10-009', 'BUTACA ESTRUCTURA METALICA, ASIENTO, RESPALDO Y PALETA MADERA', 1, 4),
( '5101BU-10-012', 'BUTACA ESTRUCTURA METALICA, ASIENTO, RESPALDO Y PALETA MADERA', 1, 12),
( '5101BU-10-014', 'BUTACA ESTRUCTURA METALICA, ASIENTO, RESPALDO Y PALETA MADERA', 1, 13),
( '5101BU-10-015', 'BUTACA ESTRUCTURA METALICA, ASIENTO, RESPALDO Y PALETA MADERA', 1, 13),
('5101BU-10-021', 'BUTACA ESTRUCTURA METALICA, ASIENTO, RESPALDO Y PALETA MADERA', 1, 7),
('5101BU-10-024', 'BUTACA ESTRUCTURA METALICA, ASIENTO, RESPALDO Y PALETA MADERA', 1, 13),
('5101BU-10-025', 'BUTACA ESTRUCTURA METALICA, ASIENTO, RESPALDO Y PALETA MADERA', 1, 7),
('5101BU-10-026', 'BUTACA ESTRUCTURA METALICA, ASIENTO, RESPALDO Y PALETA MADERA', 1, 14),
('5101BU-10-027', 'BUTACA ESTRUCTURA METALICA, ASIENTO, RESPALDO Y PALETA MADERA', 1, 15),
('5101BU-10-028', 'BUTACA ESTRUCTURA METALICA, ASIENTO, RESPALDO Y PALETA MADERA', 1, 15),
('5101BU-10-029', 'BUTACA ESTRUCTURA METALICA, ASIENTO, RESPALDO Y PALETA MADERA', 1, 14),
('5101BU-10-030', 'BUTACA ESTRUCTURA METALICA, ASIENTO, RESPALDO Y PALETA MADERA', 1, 11),
('5101BU-10-031', 'BUTACA ESTRUCTURA METALICA, ASIENTO, RESPALDO Y PALETA MADERA', 1, 7),
('5101BU-10-032', 'BUTACA ESTRUCTURA METALICA, ASIENTO, RESPALDO Y PALETA MADERA', 1, 12),
('5101BU-10-033', 'BUTACA ESTRUCTURA METALICA, ASIENTO, RESPALDO Y PALETA MADERA', 1, 7),
('5101BU-10-039', 'BUTACA ESTRUCTURA METALICA, ASIENTO, RESPALDO Y PALETA MADERA', 1, 7),
('5101BU-10-040', 'BUTACA ESTRUCTURA METALICA, ASIENTO, RESPALDO Y PALETA MADERA', 1, 6),
('5101BU-10-043', 'BUTACA ESTRUCTURA METALICA, ASIENTO, RESPALDO Y PALETA MADERA', 1, 14),
('5101BU-12-001', 'BUTACA COLOR AZUL, ESTRUCTURA 1", CONCHA Y PALETA DE POLIPROPILENO Y PARRILLA P/LIBROS',  1, 5),
('5101BU-12-002', 'BUTACA COLOR AZUL, ESTRUCTURA 1", CONCHA Y PALETA DE POLIPROPILENO Y PARRILLA P/LIBROS',  1, 5),
('5101BU-12-003', 'BUTACA COLOR AZUL, ESTRUCTURA 1", CONCHA Y PALETA DE POLIPROPILENO Y PARRILLA P/LIBROS',  1, 5),
('5101BU-12-004', 'BUTACA COLOR AZUL, ESTRUCTURA 1", CONCHA Y PALETA DE POLIPROPILENO Y PARRILLA P/LIBROS',  1, 5),
('5101BU-12-005', 'BUTACA COLOR AZUL, ESTRUCTURA 1", CONCHA Y PALETA DE POLIPROPILENO Y PARRILLA P/LIBROS', 1, 5),
('5101BU-12-006', 'BUTACA COLOR AZUL, ESTRUCTURA 1", CONCHA Y PALETA DE POLIPROPILENO Y PARRILLA P/LIBROS', 1, 5),
('5101BU-12-007', 'BUTACA COLOR AZUL, ESTRUCTURA 1", CONCHA Y PALETA DE POLIPROPILENO Y PARRILLA P/LIBROS', 1, 5),
('5101BU-12-008', 'BUTACA COLOR AZUL, ESTRUCTURA 1", CONCHA Y PALETA DE POLIPROPILENO Y PARRILLA P/LIBROS', 1, 5),
('5101BU-12-009', 'BUTACA COLOR AZUL, ESTRUCTURA 1", CONCHA Y PALETA DE POLIPROPILENO Y PARRILLA P/LIBROS', 1, 5),
('5101BU-12-010', 'BUTACA COLOR AZUL, ESTRUCTURA 1", CONCHA Y PALETA DE POLIPROPILENO Y PARRILLA P/LIBROS', 1, 5),
('5101BU-12-011', 'BUTACA COLOR AZUL, ESTRUCTURA 1", CONCHA Y PALETA DE POLIPROPILENO Y PARRILLA P/LIBROS', 1, 5),
('5101BU-12-012', 'BUTACA COLOR AZUL, ESTRUCTURA 1", CONCHA Y PALETA DE POLIPROPILENO Y PARRILLA P/LIBROS', 1, 5),
('5101BU-12-013', 'BUTACA COLOR AZUL, ESTRUCTURA 1", CONCHA Y PALETA DE POLIPROPILENO Y PARRILLA P/LIBROS', 1, 5),
('5101BU-12-014', 'BUTACA COLOR AZUL, ESTRUCTURA 1", CONCHA Y PALETA DE POLIPROPILENO Y PARRILLA P/LIBROS', 1, 5),
('5101BU-12-015', 'BUTACA COLOR AZUL, ESTRUCTURA 1", CONCHA Y PALETA DE POLIPROPILENO Y PARRILLA P/LIBROS', 1, 5),
('5101BU-12-016', 'BUTACA COLOR AZUL, ESTRUCTURA 1", CONCHA Y PALETA DE POLIPROPILENO Y PARRILLA P/LIBROS', 1, 5),
('5101BU-12-017', 'BUTACA COLOR AZUL, ESTRUCTURA 1", CONCHA Y PALETA DE POLIPROPILENO Y PARRILLA P/LIBROS', 1, 5),
('5101BU-12-018', 'BUTACA COLOR AZUL, ESTRUCTURA 1", CONCHA Y PALETA DE POLIPROPILENO Y PARRILLA P/LIBROS', 1, 5),
('5101BU-12-019', 'BUTACA COLOR AZUL, ESTRUCTURA 1", CONCHA Y PALETA DE POLIPROPILENO Y PARRILLA P/LIBROS', 1, 5),
('5101BU-12-020', 'BUTACA COLOR AZUL, ESTRUCTURA 1", CONCHA Y PALETA DE POLIPROPILENO Y PARRILLA P/LIBROS', 1, 5),
('5101BU-12-021', 'BUTACA COLOR AZUL, ESTRUCTURA 1", CONCHA Y PALETA DE POLIPROPILENO Y PARRILLA P/LIBROS', 1, 5),
('5101BU-12-022', 'BUTACA COLOR AZUL, ESTRUCTURA 1", CONCHA Y PALETA DE POLIPROPILENO Y PARRILLA P/LIBROS', 1, 5),
('5101BU-12-023', 'BUTACA COLOR AZUL, ESTRUCTURA 1", CONCHA Y PALETA DE POLIPROPILENO Y PARRILLA P/LIBROS', 1, 5),
('5101BU-12-024', 'BUTACA COLOR AZUL, ESTRUCTURA 1", CONCHA Y PALETA DE POLIPROPILENO Y PARRILLA P/LIBROS', 1, 5),
('5101BU-12-025', 'BUTACA COLOR AZUL, ESTRUCTURA 1", CONCHA Y PALETA DE POLIPROPILENO Y PARRILLA P/LIBROS', 1, 5),
('5101BU-12-026', 'BUTACA COLOR AZUL, ESTRUCTURA 1", CONCHA Y PALETA DE POLIPROPILENO Y PARRILLA P/LIBROS', 1, 5),
('5101BU-12-027', 'BUTACA COLOR AZUL, ESTRUCTURA 1", CONCHA Y PALETA DE POLIPROPILENO Y PARRILLA P/LIBROS', 1, 5),
('5101BU-12-028', 'BUTACA COLOR AZUL, ESTRUCTURA 1", CONCHA Y PALETA DE POLIPROPILENO Y PARRILLA P/LIBROS', 1, 5),
('5101BU-12-029', 'BUTACA COLOR AZUL, ESTRUCTURA 1", CONCHA Y PALETA DE POLIPROPILENO Y PARRILLA P/LIBROS', 1, 5),
('5101BU-12-030', 'BUTACA COLOR AZUL, ESTRUCTURA 1", CONCHA Y PALETA DE POLIPROPILENO Y PARRILLA P/LIBROS', 1, 5),
('5101BU-12-031', 'PUPITRE UNIVERSITARIO, COLOR GRIS CON ESTRUCTURA DE METAL', 1, 29),
('5101BU-12-032', 'PUPITRE UNIVERSITARIO, COLOR GRIS CON ESTRUCTURA DE METAL', 1, 29),
('5101BU-12-033', 'PUPITRE UNIVERSITARIO, COLOR GRIS CON ESTRUCTURA DE METAL', 1, 29),
('5101BU-12-034', 'PUPITRE UNIVERSITARIO, COLOR GRIS CON ESTRUCTURA DE METAL', 1, 29),
('5101BU-12-035', 'PUPITRE UNIVERSITARIO, COLOR GRIS CON ESTRUCTURA DE METAL', 1, 29),
('5101BU-12-036', 'PUPITRE UNIVERSITARIO, COLOR GRIS CON ESTRUCTURA DE METAL', 1, 29),
('5101BU-12-037', 'PUPITRE UNIVERSITARIO, COLOR GRIS CON ESTRUCTURA DE METAL', 1, 29),
('5101BU-12-038', 'PUPITRE UNIVERSITARIO, COLOR GRIS CON ESTRUCTURA DE METAL', 1, 29),
('5101BU-12-039', 'PUPITRE UNIVERSITARIO, COLOR GRIS CON ESTRUCTURA DE METAL', 1, 29),
('5101BU-12-040', 'PUPITRE UNIVERSITARIO, COLOR GRIS CON ESTRUCTURA DE METAL', 1, 29),
('5101BU-12-041', 'PUPITRE UNIVERSITARIO, COLOR GRIS CON ESTRUCTURA DE METAL', 1, 29),
('5101BU-12-042', 'PUPITRE UNIVERSITARIO, COLOR GRIS CON ESTRUCTURA DE METAL', 1, 29),
('5101BU-12-043', 'PUPITRE UNIVERSITARIO, COLOR GRIS CON ESTRUCTURA DE METAL', 1, 29),
('5101BU-12-044', 'PUPITRE UNIVERSITARIO, COLOR GRIS CON ESTRUCTURA DE METAL', 1, 29),
('5101BU-12-045', 'PUPITRE UNIVERSITARIO, COLOR GRIS CON ESTRUCTURA DE METAL', 1, 29),
('5101BU-12-046', 'PUPITRE UNIVERSITARIO, COLOR GRIS CON ESTRUCTURA DE METAL', 1, 29),
('5101BU-12-047', 'PUPITRE UNIVERSITARIO, COLOR GRIS CON ESTRUCTURA DE METAL', 1, 29),
('5101BU-12-048', 'PUPITRE UNIVERSITARIO, COLOR GRIS CON ESTRUCTURA DE METAL', 1, 29),
('5101BU-12-049', 'PUPITRE UNIVERSITARIO, COLOR GRIS CON ESTRUCTURA DE METAL', 1, 29),
('5101BU-12-050', 'PUPITRE UNIVERSITARIO, COLOR GRIS CON ESTRUCTURA DE METAL', 1, 29),
('5101BU-12-051', 'PUPITRE UNIVERSITARIO, COLOR GRIS CON ESTRUCTURA DE METAL', 1, 29),
('5101BU-12-052', 'PUPITRE UNIVERSITARIO, COLOR GRIS CON ESTRUCTURA DE METAL', 1, 29),
('5101BU-12-053', 'PUPITRE UNIVERSITARIO, COLOR GRIS CON ESTRUCTURA DE METAL', 1, 29),
('5101BU-12-054', 'PUPITRE UNIVERSITARIO, COLOR GRIS CON ESTRUCTURA DE METAL', 1, 29),
('5101BU-12-055', 'PUPITRE UNIVERSITARIO, COLOR GRIS CON ESTRUCTURA DE METAL', 1, 29),
('5101BU-12-056', 'PUPITRE UNIVERSITARIO, COLOR GRIS CON ESTRUCTURA DE METAL', 1, 29),
('5101BU-12-057', 'PUPITRE UNIVERSITARIO, COLOR GRIS CON ESTRUCTURA DE METAL', 1, 29),
('5101BU-12-058', 'PUPITRE UNIVERSITARIO, COLOR GRIS CON ESTRUCTURA DE METAL', 1, 29),
('5101BU-12-059', 'PUPITRE UNIVERSITARIO, COLOR GRIS CON ESTRUCTURA DE METAL', 1, 29),
('5101SI-01-002', 'SILLA PARA MESA BINARIA SIN PALETA', 1, 16),
('5101SI-01-029', 'SILLA PARA MESA BINARIA SIN PALETA', 1, 21),
('5101SI-01-042', 'SILLA PARA MESA BINARIA SIN PALETA', 1, 16),
('5101SI-01-060', 'SILLA PARA MESA BINARIA SIN PALETA', 1, 16),
('5101SI-01-072', 'SILLA PARA MESA BINARIA SIN PALETA', 1, 16),
('5101SI-01-086', 'SILLA PARA MESA BINARIA SIN PALETA', 1, 16),
('5101SI-01-096', 'SILLA PARA MESA BINARIA SIN PALETA', 1, 16),
('5101SI-01-098', 'SILLA PARA MESA BINARIA SIN PALETA', 1, 19),
('5101SI-01-099', 'SILLA PARA MESA BINARIA SIN PALETA', 1, 4),
('5101SI-01-103', 'SILLA PARA MESA BINARIA SIN PALETA', 1, 21),
('5101SI-01-106', 'SILLA PARA MESA BINARIA SIN PALETA', 1, 16),
('5101SI-01-107', 'SILLA PARA MESA BINARIA SIN PALETA', 1, 16),
('5101SI-01-110', 'SILLA PARA MESA BINARIA SIN PALETA', 1, 16),
('5101SI-01-111', 'SILLA PARA MESA BINARIA SIN PALETA', 1, 16),
('5101SI-01-114', 'SILLA PARA MESA BINARIA SIN PALETA', 1, 16),
('5101SI-01-116', 'SILLA PARA MESA BINARIA SIN PALETA', 1, 16),
('5101SI-01-117', 'SILLA PARA MESA BINARIA SIN PALETA', 1, 16),
('5101SI-01-118', 'SILLA PARA MESA BINARIA SIN PALETA', 1, 16),
('5101SI-01-119', 'SILLA PARA MESA BINARIA SIN PALETA', 1, 16),
('5101SI-01-123', 'SILLA PARA MESA BINARIA SIN PALETA', 1, 21),
('5101SI-01-124', 'SILLA PARA MESA BINARIA SIN PALETA', 1, 16),
('5101SI-01-125', 'SILLA PARA MESA BINARIA SIN PALETA', 1, 16),
('5101SI-01-126', 'SILLA PARA MESA BINARIA SIN PALETA', 1, 16),
('5101SI-01-128', 'SILLA PARA MESA BINARIA SIN PALETA', 1, 21),
('5101SI-01-129', 'SILLA PARA MESA BINARIA SIN PALETA', 1, 16),
('5101SI-01-130', 'SILLA PARA MESA BINARIA SIN PALETA', 1, 16),
('5101SI-01-131', 'SILLA PARA MESA BINARIA SIN PALETA', 1, 16),
('5101SI-01-134', 'SILLA PARA MESA BINARIA SIN PALETA', 1, 16),
('5101SI-01-136', 'SILLA PARA MESA BINARIA SIN PALETA', 1, 19),
('5101SI-01-137', 'SILLA PARA MESA BINARIA SIN PALETA', 1, 19),
('5101SI-01-141', 'SILLA PARA MESA BINARIA SIN PALETA', 1, 19),
('5101SI-01-142', 'SILLA PARA MESA BINARIA SIN PALETA', 1, 21),
('5101SI-01-144', 'SILLA PARA MESA BINARIA SIN PALETA', 1, 19),
('5101SI-01-145', 'SILLA PARA MESA BINARIA SIN PALETA', 1, 19),
('5101SI-01-150', 'SILLA PARA MESA BINARIA SIN PALETA', 1, 16),
('5101SI-01-151', 'SILLA PARA MESA BINARIA SIN PALETA', 1, 16),
('5101SI-01-188', 'SILLA PARA MESA BINARIA SIN PALETA', 1, 21),
('5101SI-01-202', 'SILLA PARA MESA BINARIA SIN PALETA', 1, 16),
('5101SI-01-206', 'SILLA PARA MESA BINARIA SIN PALETA', 1, 16),
('5101SI-01-213', 'SILLA PARA MESA BINARIA SIN PALETA', 1, 21),
('5101SI-01-214', 'SILLA PARA MESA BINARIA SIN PALETA', 1, 16),
('5101SI-01-217', 'SILLA PARA MESA BINARIA SIN PALETA', 1, 21),
('5101SI-01-234', 'SILLA PARA MESA BINARIA SIN PALETA', 1, 19),
('5101SI-01-254', 'SILLA PARA MESA BINARIA SIN PALETA', 1, 30),
('5101SI-01-255', 'SILLA PARA MESA BINARIA SIN PALETA', 1, 31),
('5101SI-01-266', 'SILLA PARA MESA BINARIA SIN PALETA', 1, 16),
('5101SI-01-275', 'SILLA PARA MESA BINARIA SIN PALETA', 1, 21),
('5101SI-01-290', 'SILLA PARA MESA BINARIA SIN PALETA', 1, 3),
('5101SI-01-315', 'SILLA PARA MESA BINARIA SIN PALETA', 1, 2),
('5101SI-01-329', 'SILLA PARA MESA BINARIA SIN PALETA', 1, 21),
('5101SI-01-331', 'SILLA PARA MESA BINARIA SIN PALETA', 1, 21),
('5101SI-01-333', 'SILLA PARA MESA BINARIA SIN PALETA', 1, 16),
('5101SI-01-352', 'SILLA PARA MESA BINARIA SIN PALETA', 1, 16),
('5101SI-01-356', 'SILLA PARA MESA BINARIA SIN PALETA', 1, 16),
('5101SI-01-362', 'SILLA PROFESIONAL ESTIBABLE, PLÁSTICO COLOR AZUL', 1, 5),
('5101SI-01-363', 'SILLA PROFESIONAL ESTIBABLE, PLÁSTICO COLOR AZUL', 1, 8),
('5101SI-01-364', 'SILLA PROFESIONAL ESTIBABLE, PLÁSTICO COLOR AZUL', 1, 9),
('5101SI-01-365', 'SILLA PROFESIONAL ESTIBABLE, PLÁSTICO COLOR AZUL', 1, 7),
('5101SI-01-366', 'SILLA PROFESIONAL ESTIBABLE, PLÁSTICO COLOR AZUL', 1, 11),
('5101SI-01-367', 'SILLA PROFESIONAL ESTIBABLE, PLÁSTICO COLOR AZUL', 1, 6),
('5101SI-01-371', 'SILLA PROFESIONAL ESTIBABLE, PLÁSTICO COLOR AZUL', 1, 10),
('5101SI-01-372', 'SILLA PROFESIONAL ESTIBABLE, PLÁSTICO COLOR AZUL', 1, 12),
('5101SI-01-378', 'SILLA ERGO', 1, 1),
('5101SI-01-381', 'SILLA ERGO', 1, 1),
('5101SI-01-394', 'SILLA ERGO', 1, 1),
('5101SI-01-401', 'SILLA ERGO', 1, 1),
('5101SI-01-409', 'SILLA ERGO', 1, 1),
('5101SI-01-413', 'SILLA ERGO', 1, 1),
('5101SI-01-416', 'SILLA ERGO', 1, 1),
('5101SI-01-418', 'SILLA ERGO', 1, 1),
('5101SI-01-420', 'SILLA ERGO', 1, 1),
('5101SI-01-423', 'SILLA ERGO', 1, 1),
('5101SI-01-426', 'SILLA ERGO', 1, 1),
('5101SI-01-430', 'SILLA ERGO', 1, 1),
('5101SI-01-435', 'SILLA ERGO', 1, 1),
('5101SI-01-440', 'SILLA ERGO', 1, 1),
('5101SI-01-451', 'SILLA ERGO', 1, 1),
('5101SI-02-199', 'SILLA GIRATORIA SECRETARIAL', 1, 1),
('5101SI-03-113', 'SILLA APILABLE CON ESTRUCTURA DE METAL', 1, 20),
('5101SI-09-029', 'SILLA SECRETARIAL SIN BRAZOS', 1, 1),
('5101SI-09-043', 'SILLA SECRETARIAL SIN BRAZOS', 1, 1),
('5101SI-12-001', 'SILLA DE POLIPROPILENO', 1, 20),
('5101SI-12-002', 'SILLA DE POLIPROPILENO', 1, 20),
('5101SI-12-003', 'SILLA DE POLIPROPILENO', 1, 20),
('5101SI-12-004', 'SILLA DE POLIPROPILENO', 1, 20),
('5101SI-12-005', 'SILLA DE POLIPROPILENO', 1, 20),
('5101SI-12-006', 'SILLA DE POLIPROPILENO', 1, 20),
('5101SI-12-007', 'SILLA DE POLIPROPILENO', 1, 20),
('5101SI-12-008', 'SILLA DE POLIPROPILENO', 1, 20),
('5101SI-12-009', 'SILLA DE POLIPROPILENO', 1, 20),
('5101SI-12-010', 'SILLA DE POLIPROPILENO', 1, 20),
('5101SI-12-011', 'SILLA DE POLIPROPILENO', 1, 20),
('5101SI-12-012', 'SILLA DE POLIPROPILENO', 1, 20),
('5101SI-12-013', 'SILLA DE POLIPROPILENO', 1, 20),
('5101SI-12-014', 'SILLA DE POLIPROPILENO', 1, 20),
('5101SI-12-015', 'SILLA DE POLIPROPILENO', 1, 20),
('5101SI-12-016', 'SILLA DE POLIPROPILENO', 1, 20),
('5101SI-12-017', 'SILLA DE POLIPROPILENO', 1, 20),
('5101SI-12-018', 'SILLA DE POLIPROPILENO', 1, 20),
('5101SI-12-019', 'SILLA DE POLIPROPILENO', 1, 20),
('5101SI-12-020', 'SILLA DE POLIPROPILENO', 1, 20),
('5101SI-12-021', 'SILLA DE POLIPROPILENO', 1, 20),
('5101SI-12-022', 'SILLA DE POLIPROPILENO', 1, 20),
('5101SI-12-023', 'SILLA DE POLIPROPILENO', 1, 20),
('5101SI-12-024', 'SILLA DE POLIPROPILENO', 1, 20),
('5101SI-12-025', 'SILLA DE POLIPROPILENO', 1, 20),
('5101SI-12-026', 'SILLA DE POLIPROPILENO', 1, 20),
('5101SI-12-027', 'SILLA DE POLIPROPILENO', 1, 20),
('5101SI-12-028', 'SILLA DE POLIPROPILENO', 1, 20),
('5101SI-12-029', 'SILLA DE POLIPROPILENO', 1, 20),
('5101SI-12-030', 'SILLA DE POLIPROPILENO', 1, 20),
('5101SI-12-031', 'SILLA DE POLIPROPILENO', 1, 20),
('5101SI-12-032', 'SILLA DE POLIPROPILENO', 1, 20),
('5101SI-12-033', 'SILLA DE POLIPROPILENO', 1, 20),
('5101SI-12-034', 'SILLA DE POLIPROPILENO', 1, 20),
('5101SI-12-035', 'SILLA DE POLIPROPILENO', 1, 20),
('5101SI-12-036', 'SILLA DE POLIPROPILENO', 1, 20),
('5101SI-12-037', 'SILLA DE POLIPROPILENO', 1, 20),
('5101SI-12-038', 'SILLA DE POLIPROPILENO', 1, 20),
('5101SI-12-039', 'SILLA DE POLIPROPILENO', 1, 20),
('5101SI-12-040', 'SILLA DE POLIPROPILENO', 1, 20),
('5101SI-12-041', 'SILLA DE POLIPROPILENO', 1, 20),
('5101SI-12-042', 'SILLA DE POLIPROPILENO', 1, 20),
('5101SI-12-043', 'SILLA DE POLIPROPILENO', 1, 20),
('5101SI-12-044', 'SILLA DE POLIPROPILENO', 1, 20),
('5101SI-12-045', 'SILLA DE POLIPROPILENO', 1, 20),
('5101SI-12-046', 'SILLA DE POLIPROPILENO', 1, 20),
('5101SI-12-047', 'SILLA DE POLIPROPILENO', 1, 20),
('5101SI-12-048', 'SILLA DE POLIPROPILENO', 1, 20),
('5101SI-12-049', 'SILLA DE POLIPROPILENO', 1, 20),
('5101SI-12-050', 'SILLA DE POLIPROPILENO', 1, 20),
('5101SI-12-051', 'SILLA DE POLIPROPILENO', 1, 20),
('5101SI-12-052', 'SILLA DE POLIPROPILENO', 1, 20),
('5101SI-12-053', 'SILLA DE POLIPROPILENO', 1, 20),
('5101SI-12-054', 'SILLA DE POLIPROPILENO', 1, 20),
('5101SI-12-055', 'SILLA DE POLIPROPILENO', 1, 20),
('5101SI-12-056', 'SILLA DE POLIPROPILENO', 1, 20),
('5101SI-12-057', 'SILLA DE POLIPROPILENO', 1, 20),
('5101SI-12-058', 'SILLA DE POLIPROPILENO', 1, 20),
('5101SI-12-059', 'SILLA DE POLIPROPILENO', 1, 20),
('5101SI-12-060', 'SILLA DE POLIPROPILENO', 1, 20),
('5101SI-12-061', 'SILLA DE POLIPROPILENO', 1, 20),
('5101SI-12-062', 'SILLA DE POLIPROPILENO', 1, 20),
('5101SI-12-063', 'SILLA DE POLIPROPILENO', 1, 20),
('5101SI-12-064', 'SILLA DE POLIPROPILENO', 1, 20),
('5101SI-12-065', 'SILLA DE POLIPROPILENO', 1, 20),
('5101SI-12-066', 'SILLA DE POLIPROPILENO', 1, 20),
('5101SI-12-067', 'SILLA DE POLIPROPILENO', 1, 20),
('5101SI-12-078', 'SILLA DE 4 PATAS COLOR ROJO', 1, 25),
('5101SI-12-079', 'SILLA DE 4 PATAS COLOR ROJO', 1, 25),
('5101SI-12-080', 'SILLA DE 4 PATAS COLOR ROJO', 1, 25),
('5101SI-12-081', 'SILLA DE 4 PATAS COLOR ROJO', 1, 25),
('5101SI-12-082', 'SILLA DE 4 PATAS COLOR ROJO', 1, 25),
('5101SI-12-083', 'SILLA DE 4 PATAS COLOR ROJO', 1, 25),
('5101SI-12-084', 'SILLA DE 4 PATAS COLOR ROJO', 1, 25),
('5101SI-12-085', 'SILLA DE 4 PATAS COLOR ROJO', 1, 25),
('5101SI-12-086', 'SILLA DE 4 PATAS COLOR ROJO', 1, 25),
('5101SI-12-087', 'SILLA DE 4 PATAS COLOR ROJO', 1, 25),
('5101SI-12-088', 'SILLA DE 4 PATAS COLOR ROJO', 1, 25),
('5101SI-12-089', 'SILLA DE 4 PATAS COLOR ROJO', 1, 25),
('5101SI-12-090', 'SILLA DE 4 PATAS COLOR ROJO', 1, 25),
('5101SI-12-091', 'SILLA DE 4 PATAS COLOR ROJO', 1, 25),
('5101SI-12-092', 'SILLA DE 4 PATAS COLOR ROJO', 1, 25),
('5101SI-12-093', 'SILLA DE 4 PATAS COLOR ROJO', 1, 25),
('5101SI-12-094', 'SILLA DE 4 PATAS COLOR ROJO', 1, 25),
('5101SI-12-095', 'SILLA DE 4 PATAS COLOR ROJO', 1, 25),
('5101SI-12-096', 'SILLA DE 4 PATAS COLOR ROJO', 1, 25),
('5101SI-12-097', 'SILLA DE 4 PATAS COLOR ROJO', 1, 25),
('5101SI-12-098', 'SILLA DE 4 PATAS COLOR ROJO', 1, 25),
('5101SI-12-099', 'SILLA DE 4 PATAS COLOR ROJO', 1, 25),
('5101SI-12-100', 'SILLA DE 4 PATAS COLOR ROJO', 1, 25),
('5101SI-12-101', 'SILLA DE 4 PATAS COLOR ROJO', 1, 25),
('5101SI-12-102', 'SILLA DE 4 PATAS COLOR ROJO', 1, 25),
('5101SI-12-103', 'SILLA DE 4 PATAS COLOR ROJO', 1, 25),
('5101SI-12-104', 'SILLA DE 4 PATAS COLOR ROJO', 1, 25),
('5101SI-12-105', 'SILLA DE 4 PATAS COLOR ROJO', 1, 25),
('5101SI-12-106', 'SILLA DE 4 PATAS COLOR ROJO', 1, 25),
('5101SI-12-107', 'SILLA DE 4 PATAS COLOR ROJO', 1, 25),
('5101SI-12-108', 'SILLA DE 4 PATAS COLOR ROJO', 1, 25),
('5101SI-12-109', 'SILLA DE POLIPROPILENO COLOR NEGRO', 1, 22),
('5101SI-12-110', 'SILLA DE POLIPROPILENO COLOR NEGRO', 1, 21),
('5101SI-12-111', 'SILLA DE POLIPROPILENO COLOR NEGRO', 1, 22),
('5101SI-12-112', 'SILLA DE POLIPROPILENO COLOR NEGRO', 1, 21),
('5101SI-12-113', 'SILLA DE POLIPROPILENO COLOR NEGRO', 1, 22),
('5101SI-12-114', 'SILLA DE POLIPROPILENO COLOR NEGRO', 1, 22),
('5101SI-12-115', 'SILLA DE POLIPROPILENO COLOR NEGRO', 1, 21),
('5101SI-12-116', 'SILLA DE POLIPROPILENO COLOR NEGRO', 1, 22),
('5101SI-12-117', 'SILLA DE POLIPROPILENO COLOR NEGRO', 1, 21),
('5101SI-12-119', 'SILLA DE POLIPROPILENO COLOR NEGRO', 1, 22),
('5101SI-12-120', 'SILLA DE POLIPROPILENO COLOR NEGRO', 1, 21),
('5101SI-12-121', 'SILLA DE POLIPROPILENO COLOR NEGRO', 1, 22),
('5101SI-12-122', 'SILLA DE POLIPROPILENO COLOR NEGRO', 1, 22),
('5101SI-12-123', 'SILLA DE POLIPROPILENO COLOR NEGRO', 1, 22),
('5101SI-12-124', 'SILLA DE POLIPROPILENO COLOR NEGRO', 1, 23),
('5101SI-12-125', 'SILLA DE POLIPROPILENO COLOR NEGRO', 1, 22),
('5101SI-12-126', 'SILLA DE POLIPROPILENO COLOR NEGRO', 1, 21),
('5101SI-12-127', 'SILLA DE POLIPROPILENO COLOR NEGRO', 1, 22),
('5101SI-12-128', 'SILLA DE POLIPROPILENO COLOR NEGRO', 1, 21),
('5101SI-12-129', 'SILLA DE POLIPROPILENO COLOR NEGRO', 1, 22),
('5101SI-12-130', 'SILLA DE POLIPROPILENO COLOR NEGRO', 1, 22),
('5101SI-12-131', 'SILLA DE POLIPROPILENO COLOR NEGRO', 1, 22),
('5101SI-12-132', 'SILLA DE POLIPROPILENO COLOR NEGRO', 1, 22),
('5101SI-12-133', 'SILLA DE POLIPROPILENO COLOR NEGRO', 1, 22),
('5101SI-12-134', 'SILLA DE POLIPROPILENO COLOR NEGRO', 1, 22),
('5101SI-12-135', 'SILLA DE POLIPROPILENO COLOR NEGRO', 1, 21),
('5101SI-12-136', 'SILLA DE POLIPROPILENO COLOR NEGRO', 1, 21),
('5101SI-12-137', 'SILLA DE POLIPROPILENO COLOR NEGRO', 1, 22),
('5101SI-12-138', 'SILLA DE POLIPROPILENO COLOR NEGRO', 1, 22),
('5101SI-12-139', 'SILLA DE POLIPROPILENO COLOR NEGRO', 1, 22),
('5101SI-12-140', 'SILLA DE POLIPROPILENO COLOR NEGRO', 1, 22),
('5101SI-12-141', 'SILLA DE POLIPROPILENO COLOR NEGRO', 1, 21),
('5101SI-12-142', 'SILLA DE POLIPROPILENO COLOR NEGRO', 1, 22),
('5101SI-12-143', 'SILLA DE POLIPROPILENO COLOR NEGRO', 1, 22),
('5101SI-12-144', 'SILLA DE POLIPROPILENO COLOR NEGRO', 1, 22),
('5101SI-12-145', 'SILLA DE POLIPROPILENO COLOR NEGRO', 1, 23),
('5101SI-12-146', 'SILLA DE POLIPROPILENO COLOR NEGRO', 1, 23),
('5101SI-12-147', 'SILLA DE POLIPROPILENO COLOR NEGRO', 1, 23),
('5101SI-12-148', 'SILLA DE POLIPROPILENO COLOR NEGRO', 1, 23),
('5101SI-12-149', 'SILLA DE POLIPROPILENO COLOR NEGRO', 1, 23),
('5101SI-12-150', 'SILLA DE POLIPROPILENO COLOR NEGRO', 1, 21),
('5101SI-12-151', 'SILLA DE POLIPROPILENO COLOR NEGRO', 1, 22),
('5101SI-12-152', 'SILLA DE POLIPROPILENO COLOR NEGRO', 1, 23),
('5101SI-12-153', 'SILLA DE POLIPROPILENO COLOR NEGRO', 1, 23),
('5101SI-12-154', 'SILLA DE POLIPROPILENO COLOR NEGRO', 1, 23),
('5101SI-12-155', 'SILLA DE POLIPROPILENO COLOR NEGRO', 1, 22),
('5101SI-12-156', 'SILLA DE POLIPROPILENO COLOR NEGRO', 1, 23),
('5101SI-12-157', 'SILLA DE POLIPROPILENO COLOR NEGRO', 1, 22),
('5101SI-12-158', 'SILLA DE POLIPROPILENO COLOR NEGRO', 1, 23),
('5101SI-12-159', 'SILLA DE POLIPROPILENO COLOR NEGRO', 1, 23),
('5101SI-12-160', 'SILLA DE POLIPROPILENO COLOR NEGRO', 1, 23),
('5101SI-12-161', 'SILLA DE POLIPROPILENO COLOR NEGRO', 1, 23),
('5101SI-12-162', 'SILLA DE POLIPROPILENO COLOR NEGRO', 1, 22),
('5101SI-12-163', 'SILLA DE POLIPROPILENO COLOR NEGRO', 1, 23),
('5101SI-12-164', 'SILLA DE POLIPROPILENO COLOR NEGRO', 1, 23),
('5101SI-12-165', 'SILLA DE POLIPROPILENO COLOR NEGRO', 1, 23),
('5101SI-12-166', 'SILLA DE POLIPROPILENO COLOR NEGRO', 1, 23),
('5101SI-12-167', 'SILLA DE POLIPROPILENO COLOR NEGRO', 1, 23),
('5101SI-12-168', 'SILLA DE POLIPROPILENO COLOR NEGRO', 1, 23),
('5101SI-12-169', 'SILLA DE POLIPROPILENO COLOR NEGRO', 1, 23),
('5101SI-12-170', 'SILLA DE POLIPROPILENO COLOR NEGRO', 1, 23),
('5101SI-12-171', 'SILLA DE POLIPROPILENO COLOR NEGRO', 1, 23),
('5101SI-12-172', 'SILLA DE POLIPROPILENO COLOR NEGRO', 1, 22),
('5101SI-12-173', 'SILLA DE POLIPROPILENO COLOR NEGRO', 1, 21),
('5101SI-12-174', 'SILLA DE POLIPROPILENO COLOR NEGRO', 1, 23),
('5101SI-12-175', 'SILLA DE POLIPROPILENO COLOR NEGRO', 1, 23),
('5101SI-12-176', 'SILLA DE POLIPROPILENO COLOR NEGRO', 1, 23),
('5101SI-12-177', 'SILLA DE POLIPROPILENO COLOR NEGRO', 1, 23),
('5101SI-12-178', 'SILLA DE POLIPROPILENO COLOR NEGRO', 1, 23),
('5101SI-12-179', 'SILLA DE POLIPROPILENO COLOR NEGRO', 1, 23),
('5101SI-12-180', 'SILLA DE POLIPROPILENO COLOR NEGRO', 1, 23),
('5101SI-12-181', 'SILLA DE POLIPROPILENO COLOR NEGRO', 1, 22),
('5101SI-12-182', 'SILLA DE POLIPROPILENO COLOR NEGRO', 1, 21),
('5101SI-12-183', 'SILLA DE POLIPROPILENO COLOR NEGRO', 1, 21),
('5101SI-12-184', 'SILLA DE POLIPROPILENO COLOR NEGRO', 1, 21),
('5101SI-12-185', 'SILLA DE POLIPROPILENO COLOR NEGRO', 1, 21),
('5101SI-12-186', 'SILLA DE POLIPROPILENO COLOR NEGRO', 1, 21),
('5101SI-12-187', 'SILLA DE POLIPROPILENO COLOR NEGRO', 1, 21),
('5101SI-12-188', 'SILLA DE POLIPROPILENO COLOR NEGRO', 1, 21),
('5101SI-12-189', 'SILLA DE POLIPROPILENO COLOR NEGRO', 1, 23),
('5101SI-12-190', 'SILLA DE POLIPROPILENO COLOR NEGRO', 1, 23),
('5101SI-12-192', 'SILLA DE POLIPROPILENO COLOR NEGRO', 1, 21),
('5101SI-12-193', 'SILLA DE POLIPROPILENO COLOR NEGRO', 1, 21),
('5101SI-12-194', 'SILLA DE POLIPROPILENO COLOR NEGRO', 1, 23),
('5101SI-12-195', 'SILLA DE POLIPROPILENO COLOR NEGRO', 1, 22),
('5101SI-12-196', 'SILLA DE POLIPROPILENO COLOR NEGRO', 1, 23),
('5101SI-12-197', 'SILLA DE POLIPROPILENO COLOR NEGRO', 1, 21),
('5101SI-12-198', 'SILLA DE POLIPROPILENO COLOR NEGRO', 1, 21),
('5101SI-12-199', 'SILLA DE POLIPROPILENO COLOR NEGRO', 1, 22),
('5101SI-12-200', 'SILLA DE POLIPROPILENO COLOR NEGRO', 1, 21),
('5101SI-12-201', 'SILLA DE POLIPROPILENO COLOR NEGRO', 1, 21),
('5101SI-12-202', 'SILLA DE POLIPROPILENO COLOR NEGRO', 1, 22),
('5101SI-12-203', 'SILLA DE POLIPROPILENO COLOR NEGRO', 1, 21),
('5101SI-12-204', 'SILLA DE POLIPROPILENO COLOR NEGRO', 1, 23),
('5101SI-12-205', 'SILLA DE POLIPROPILENO COLOR NEGRO', 1, 22),
('5101SI-12-206', 'SILLA DE POLIPROPILENO COLOR NEGRO', 1, 21),
('5101SI-12-207', 'SILLA DE POLIPROPILENO COLOR NEGRO', 1, 21),
('5101SI-12-208', 'SILLA DE POLIPROPILENO COLOR NEGRO', 1, 22),
('5101SI-12-209', 'SILLA DE POLIPROPILENO COLOR NEGRO', 1, 22),
('5101SI-12-210', 'SILLA DE POLIPROPILENO COLOR NEGRO', 1, 21),
('5101SI-12-211', 'SILLA DE POLIPROPILENO COLOR NEGRO', 1, 23),
('5101SI-12-214', 'SILLA DE POLIPROPILENO COLOR NEGRO', 1, 21),
('5101SI-12-215', 'SILLA S/ BRAZOS DE 5 PUNTAS COLOR NEGRO', 1, 24),
('5101SI-12-216', 'SILLA S/ BRAZOS DE 5 PUNTAS COLOR NEGRO', 1, 24),
('5101SI-12-217', 'SILLA S/ BRAZOS DE 5 PUNTAS COLOR NEGRO', 1, 24),
('5101SI-12-218', 'SILLA S/ BRAZOS DE 5 PUNTAS COLOR NEGRO', 1, 24),
('5101SI-12-219', 'SILLA S/ BRAZOS DE 5 PUNTAS COLOR NEGRO', 1, 24),
('5101SI-12-220', 'SILLA S/ BRAZOS DE 5 PUNTAS COLOR NEGRO', 1, 24),
('5101SI-12-221', 'SILLA S/ BRAZOS DE 5 PUNTAS COLOR NEGRO', 1, 24),
('5101SI-12-222', 'SILLA S/ BRAZOS DE 5 PUNTAS COLOR NEGRO', 1, 24),
('5101SI-12-223', 'SILLA S/ BRAZOS DE 5 PUNTAS COLOR NEGRO', 1, 24),
('5101SI-12-224', 'SILLA S/ BRAZOS DE 5 PUNTAS COLOR NEGRO', 1, 24),
('5101SI-12-225', 'SILLA S/ BRAZOS DE 5 PUNTAS COLOR NEGRO', 1, 24),
('5101SI-12-226', 'SILLA S/ BRAZOS DE 5 PUNTAS COLOR NEGRO', 1, 24),
('5101SI-12-227', 'SILLA S/ BRAZOS DE 5 PUNTAS COLOR NEGRO', 1, 24),
('5101SI-12-228', 'SILLA S/ BRAZOS DE 5 PUNTAS COLOR NEGRO', 1, 24),
('5101SI-12-229', 'SILLA S/ BRAZOS DE 5 PUNTAS COLOR NEGRO', 1, 24),
('5101SI-12-230', 'SILLA S/ BRAZOS DE 5 PUNTAS COLOR NEGRO', 1, 24),
('5101SI-12-231', 'SILLA S/ BRAZOS DE 5 PUNTAS COLOR NEGRO', 1, 24),
('5101SI-12-232', 'SILLA S/ BRAZOS DE 5 PUNTAS COLOR NEGRO', 1, 24),
('5101SI-12-233', 'SILLA S/ BRAZOS DE 5 PUNTAS COLOR NEGRO', 1, 24),
('5101SI-12-234', 'SILLA S/ BRAZOS DE 5 PUNTAS COLOR NEGRO', 1, 24),
('5101SI-12-235', 'SILLA S/ BRAZOS DE 5 PUNTAS COLOR NEGRO', 1, 24),
('5101SI-12-236', 'SILLA S/ BRAZOS DE 5 PUNTAS COLOR NEGRO', 1, 24),
('5101SI-12-237', 'SILLA S/ BRAZOS DE 5 PUNTAS COLOR NEGRO', 1, 24),
('5101SI-12-238', 'SILLA S/ BRAZOS DE 5 PUNTAS COLOR NEGRO', 1, 24),
('5101SI-12-239', 'SILLA S/ BRAZOS DE 5 PUNTAS COLOR NEGRO', 1, 24),
('5101SI-12-240', 'SILLA S/ BRAZOS DE 5 PUNTAS COLOR NEGRO', 1, 24),
('5101SI-12-241', 'SILLA S/ BRAZOS DE 5 PUNTAS COLOR NEGRO', 1, 24),
('5101SI-12-242', 'SILLA S/ BRAZOS DE 5 PUNTAS COLOR NEGRO', 1, 24),
('5101SI-12-243', 'SILLA S/ BRAZOS DE 5 PUNTAS COLOR NEGRO', 1, 24),
('5101SI-12-244', 'SILLA S/ BRAZOS DE 5 PUNTAS COLOR NEGRO', 1, 24),
('5101SI-12-262', 'SILLA S/ BRAZOS DE 5 PUNTAS COLOR NEGRO', 1, 21),
('5101SI-12-273', 'SILLA S/ BRAZOS DE 5 PUNTAS COLOR NEGRO', 1, 21),
('5101SI-12-275', 'SILLA S/ BRAZOS DE 5 PUNTAS COLOR NEGRO', 1, 21),
('5101SI-12-276', 'SILLA S/ BRAZOS DE 5 PUNTAS COLOR NEGRO', 1, 21),
('5101SI-12-277', 'SILLA S/ BRAZOS DE 5 PUNTAS COLOR NEGRO', 1, 21),
('5101SI-12-278', 'SILLA S/ BRAZOS DE 5 PUNTAS COLOR NEGRO', 1, 21),
('5101SI-12-280', 'SILLA S/ BRAZOS DE 5 PUNTAS COLOR NEGRO', 1, 21),
('5101SI-12-281', 'SILLA S/ BRAZOS DE 5 PUNTAS COLOR NEGRO', 1, 21),
('5101SI-12-282', 'SILLA S/ BRAZOS DE 5 PUNTAS COLOR NEGRO', 1, 21),
('5101SI-12-283', 'SILLA S/ BRAZOS DE 5 PUNTAS COLOR NEGRO', 1, 21),
('5101SI-12-284', 'SILLA S/ BRAZOS DE 5 PUNTAS COLOR NEGRO', 1, 21),
('5101SI-12-285', 'SILLA S/ BRAZOS DE 5 PUNTAS COLOR NEGRO', 1, 21),
('5101SI-12-286', 'SILLA S/ BRAZOS DE 5 PUNTAS COLOR NEGRO', 1, 21),
('5101SI-12-287', 'SILLA S/ BRAZOS DE 5 PUNTAS COLOR NEGRO', 1, 21),
('5101SI-12-288', 'SILLA S/ BRAZOS DE 5 PUNTAS COLOR NEGRO', 1, 21),
('5101SI-12-289', 'SILLA S/ BRAZOS DE 5 PUNTAS COLOR NEGRO', 1, 21),
('5101SI-12-290', 'SILLA S/ BRAZOS DE 5 PUNTAS COLOR NEGRO', 1, 21),
('5101SI-12-291', 'SILLA S/ BRAZOS DE 5 PUNTAS COLOR NEGRO', 1, 21),
('5101SI-12-292', 'SILLA S/ BRAZOS DE 5 PUNTAS COLOR NEGRO', 1, 21),
('5101SI-12-293', 'SILLA S/ BRAZOS DE 5 PUNTAS COLOR NEGRO', 1, 21),
('5101SI-12-294', 'SILLA S/ BRAZOS DE 5 PUNTAS COLOR NEGRO', 1, 21),
('5101SI-12-295', 'SILLA S/ BRAZOS DE 5 PUNTAS COLOR NEGRO', 1, 21),
('5101SI-12-296', 'SILLA S/ BRAZOS DE 5 PUNTAS COLOR NEGRO', 1, 21),
('5101SI-12-298', 'SILLA S/ BRAZOS DE 5 PUNTAS COLOR NEGRO', 1, 21),
('5101SI-12-299', 'SILLA S/ BRAZOS DE 5 PUNTAS COLOR NEGRO', 1, 21),
('5101SI-12-300', 'SILLA S/ BRAZOS DE 5 PUNTAS COLOR NEGRO', 1, 21),
('5101SI-12-301', 'SILLA S/ BRAZOS DE 5 PUNTAS COLOR NEGRO', 1, 21),
('5101SI-12-302', 'SILLA S/ BRAZOS DE 5 PUNTAS COLOR NEGRO', 1, 21),
('5101SI-12-304', 'SILLA S/ BRAZOS DE 5 PUNTAS COLOR NEGRO', 1, 21),
('5101SI-12-359', 'SILLA S/ BRAZOS DE 5 PUNTAS COLOR NEGRO', 1, 22),
('5101SI-12-360', 'SILLA S/ BRAZOS DE 5 PUNTAS COLOR NEGRO', 1, 23),
('5101SI-12-361', 'SILLA S/ BRAZOS DE 5 PUNTAS COLOR NEGRO', 1, 21),
('5101SI-12-363', 'SILLA S/ BRAZOS DE 5 PUNTAS COLOR NEGRO', 1, 21),
('5101SI-12-364', 'SILLA S/ BRAZOS DE 5 PUNTAS COLOR NEGRO', 1, 21),
('5101SI-12-445', 'SILLA S/ BRAZOS DE 5 PUNTAS COLOR NEGRO', 1, 24),
('51101BU-14-074', 'BUTACA ESCOLAR CON CONCHA INYECTADA, REFORZADA, RESPALDO', 1, 5),
('51101BU-14-075', 'BUTACA ESCOLAR CON CONCHA INYECTADA, REFORZADA, RESPALDO', 1, 5),
('51101BU-14-076', 'BUTACA ESCOLAR CON CONCHA INYECTADA, REFORZADA, RESPALDO', 1, 13),
('51101BU-14-077', 'BUTACA ESCOLAR CON CONCHA INYECTADA, REFORZADA, RESPALDO', 1, 13),
('51101BU-14-078', 'BUTACA ESCOLAR CON CONCHA INYECTADA, REFORZADA, RESPALDO', 1, 14),
('51101BU-14-079', 'BUTACA ESCOLAR CON CONCHA INYECTADA, REFORZADA, RESPALDO', 1, 14),
('51101BU-14-080', 'BUTACA ESCOLAR CON CONCHA INYECTADA, REFORZADA, RESPALDO', 1, 5),
('29301BU-19-002', 'BUTACA UNIVERSITARIA, CON PALETA ZURDA', 1, 13),
('29301BU-19-003', 'BUTACA UNIVERSITARIA, CON PALETA ZURDA', 1, 9),
('29301BU-19-004', 'BUTACA UNIVERSITARIA, CON PALETA ZURDA', 1, 12),
('29301BU-19-005', 'BUTACA UNIVERSITARIA, CON PALETA ZURDA', 1, 9),
('29301BU-19-006', 'BUTACA UNIVERSITARIA, CON PALETA ZURDA', 1, 8),
('29301BU-19-007', 'BUTACA UNIVERSITARIA, CON PALETA ZURDA', 1, 12),
('29301BU-19-008', 'BUTACA UNIVERSITARIA, CON PALETA ZURDA', 1, 9),
('29301BU-19-009', 'BUTACA UNIVERSITARIA, CON PALETA ZURDA', 1, 7),
('29301BU-19-011', 'BUTACA UNIVERSITARIA, CON PALETA ZURDA', 1, 13),
('29301BU-19-012', 'BUTACA UNIVERSITARIA, CON PALETA ZURDA', 1, 14),
('29301BU-19-013', 'BUTACA UNIVERSITARIA, CON PALETA ZURDA', 1, 8),
('29301BU-19-014', 'BUTACA UNIVERSITARIA, CON PALETA ZURDA', 1, 7),
('29301BU-19-015', 'BUTACA UNIVERSITARIA, CON PALETA ZURDA', 1, 12),
('29301BU-19-017', 'BUTACA UNIVERSITARIA, CON PALETA ZURDA', 1, 6),
('29301BU-19-020', 'BUTACA UNIVERSITARIA, CON PALETA ZURDA', 1, 6),
('29301BU-19-023', 'BUTACA UNIVERSITARIA, CON PALETA ZURDA', 1, 14),
('29301BU-19-024', 'BUTACA UNIVERSITARIA, CON PALETA ZURDA', 1, 14),
('29301BU-19-025', 'BUTACA UNIVERSITARIA, CON PALETA ZURDA', 1, 13),
('29301BU-19-028', 'BUTACA UNIVERSITARIA, CON PALETA ZURDA', 1, 15),
('29301BU-19-030', 'BUTACA UNIVERSITARIA, CON PALETA ZURDA', 1, 7),
('29301BU-19-031', 'BUTACA UNIVERSITARIA, CON PALETA ZURDA', 1, 8),
('29301BU-19-033', 'BUTACA UNIVERSITARIA, CON PALETA ZURDA', 1, 9),
('29301BU-19-036', 'BUTACA UNIVERSITARIA, CON PALETA ZURDA', 1, 15),
('29301BU-19-037', 'BUTACA UNIVERSITARIA, CON PALETA ZURDA', 1, 10),
('29301BU-19-042', 'BUTACA UNIVERSITARIA, CON PALETA ZURDA', 1, 6),
('29301BU-19-055', 'BUTACA UNIVERSITARIA, CON PALETA ZURDA', 1, 4),
('29301BU-19-056', 'BUTACA UNIVERSITARIA, CON PALETA ZURDA', 1, 4),
('29301BU-19-057', 'BUTACA UNIVERSITARIA, CON PALETA ZURDA', 1, 5),
('29301BU-19-058', 'BUTACA UNIVERSITARIA, CON PALETA ZURDA', 1, 5),
('29301BU-19-059', 'BUTACA UNIVERSITARIA, CON PALETA ZURDA', 1, 10),
('29301BU-19-060', 'BUTACA UNIVERSITARIA, CON PALETA ZURDA', 1, 10),
('5101MS-02-030', 'MESA ESTÁNDAR 1.20 X .60', 1, 26),
('5101MS-02-054', 'MESA ESTÁNDAR 1.60 X .60', 1, 1),
('5101MS-02-056', 'MESA BINARIA DE .40 X 1.20 X .75 CMS', 1, 1),
('5101MS-02-061', 'MESA BINARIA DE .40 X 1.20 X .75 CMS', 1, 7),
('5101MS-02-066', 'MESA BINARIA DE .40 X 1.20 X .75 CMS', 1, 16),
('5101MS-02-067', 'MESA BINARIA DE .40 X 1.20 X .75 CMS', 1, 14),
('5101MS-02-072', 'MESA BINARIA DE .40 X 1.20 X .75 CMS', 1, 1),
('5101MS-02-074', 'MESA BINARIA DE .40 X 1.20 X .75 CMS', 1, 1),
('5101MS-02-075', 'MESA BINARIA DE .40 X 1.20 X .75 CMS', 1, 1),
('5101MS-02-078', 'MESA BINARIA DE .40 X 1.20 X .75 CMS', 1, 16),
('5101MS-02-079', 'MESA BINARIA DE .40 X 1.20 X .75 CMS', 1, 16),
('5101MS-02-082', 'MESA BINARIA DE .40 X 1.20 X .75 CMS', 1, 16),
('5101MS-02-083', 'MESA BINARIA DE .40 X 1.20 X .75 CMS', 1, 1),
('5101MS-02-084', 'MESA BINARIA DE .40 X 1.20 X .75 CMS', 1, 1),
('5101MS-02-085', 'MESA BINARIA DE .40 X 1.20 X .75 CMS', 1, 1),
('5101MS-02-086', 'MESA BINARIA DE .40 X 1.20 X .75 CMS', 1, 10),
('5101MS-02-090', 'MESA BINARIA DE .40 X 1.20 X .75 CMS', 1, 8),
('5101MS-02-092', 'MESA BINARIA DE .40 X 1.20 X .75 CMS', 1, 16),
('5101MS-02-094', 'MESA BINARIA DE .40 X 1.20 X .75 CMS', 1, 1),
('5101MS-02-097', 'MESA BINARIA DE .40 X 1.20 X .75 CMS', 1, 16),
('5101MS-02-100', 'MESA BINARIA DE .40 X 1.20 X .75 CMS', 1, 16),
('5101MS-02-103', 'MESA BINARIA DE .40 X 1.20 X .75 CMS', 1, 1),
('5101MS-02-105', 'MESA BINARIA DE .40 X 1.20 X .75 CMS', 1, 16),
('5101MS-02-107', 'MESA BINARIA DE .40 X 1.20 X .75 CMS', 1, 30),
('5101MS-02-109', 'MESA BINARIA DE .40 X 1.20 X .75 CMS', 1, 31),
('5101MS-02-110', 'MESA BINARIA DE .40 X 1.20 X .75 CMS', 1, 1),
('5101MS-02-113', 'MESA BINARIA DE .40 X 1.20 X .75 CMS', 1, 1),
('5101MS-05-017', 'MESA PARA COMPUTADORA', 1, 20),
('5101MS-05-018', 'MESA PARA COMPUTADORA', 1, 20),
('5101MS-05-019', 'MESA PARA COMPUTADORA', 1, 20),
('5101MS-05-020', 'MESA PARA COMPUTADORA', 1, 20),
('5101MS-05-021', 'MESA PARA COMPUTADORA', 1, 20),
('5101MS-05-022', 'MESA PARA COMPUTADORA', 1, 20),
('5101MS-05-023', 'MESA PARA COMPUTADORA', 1, 20),
('5101MS-05-024', 'MESA PARA COMPUTADORA', 1, 20),
('5101MS-05-025', 'MESA PARA COMPUTADORA', 1, 20),
('5101MS-05-026', 'MESA PARA COMPUTADORA', 1, 20),
('5101MS-05-027', 'MESA PARA COMPUTADORA', 1, 20),
('5101MS-05-028', 'MESA PARA COMPUTADORA', 1, 20),
('5101MS-05-029', 'MESA PARA COMPUTADORA', 1, 20),
('5101MS-05-030', 'MESA PARA COMPUTADORA', 1, 20),
('5101MS-05-031', 'MESA PARA COMPUTADORA', 1, 20),
('5101MS-05-032', 'MESA PARA COMPUTADORA', 1, 20),
('5101MS-05-033', 'MESA PARA COMPUTADORA', 1, 20),
('5101MS-05-034', 'MESA PARA COMPUTADORA', 1, 20),
('5101MS-05-035', 'MESA PARA COMPUTADORA', 1, 20),
('5101MS-05-036', 'MESA PARA COMPUTADORA', 1, 20),
('5101MS-05-037', 'MESA PARA COMPUTADORA', 1, 20),
('5101MS-05-038', 'MESA PARA COMPUTADORA', 1, 20),
('5101MS-05-039', 'MESA PARA COMPUTADORA', 1, 20),
('5101MS-05-040', 'MESA PARA COMPUTADORA', 1, 20),
('5101MS-05-041', 'MESA PARA COMPUTADORA', 1, 20),
('5101MS-05-042', 'MESA PARA COMPUTADORA', 1, 20),
('5101MS-05-043', 'MESA PARA COMPUTADORA', 1, 20),
('5101MS-05-045', 'MESA PARA COMPUTADORA', 1, 20),
('5101MS-05-046', 'MESA PARA COMPUTADORA', 1, 20),
('5101MS-05-047', 'MESA PARA COMPUTADORA', 1, 20),
('5101MS-09-002', 'MESA DE CENTRO', 1, 27),
('5101MS-09-003', 'MESA DE CENTRO', 1, 27),
('5101MS-09-004', 'MESA DE CENTRO', 1, 27),
('5101MS-09-007', 'MESA DE CENTRO', 1, 28),
('5101MS-12-001', 'MODULO PARA 60 USUARIOS', 1, 20),
('5101MS-12-002', 'MODULO PARA 60 USUARIOS', 1, 20),
('5101MS-12-003', 'MODULO PARA 60 USUARIOS', 1, 20),
('5101MS-12-004', 'MODULO PARA 60 USUARIOS', 1, 20),
('5101MS-12-005', 'MODULO PARA 60 USUARIOS', 1, 20),
('5101MS-12-006', 'MODULO PARA 60 USUARIOS', 1, 20),
('5101MS-12-007', 'MODULO PARA 60 USUARIOS', 1, 20),
('5101MS-12-008', 'MODULO PARA 60 USUARIOS', 1, 20),
('5101MS-12-009', 'MODULO PARA 60 USUARIOS', 1, 20),
('5101MS-12-011', 'MODULO PARA 60 USUARIOS', 1, 20),
('5101MS-12-012', 'MODULO PARA 60 USUARIOS', 1, 20),
('5101MS-12-013', 'MODULO PARA 60 USUARIOS', 1, 20),
('5101MS-12-014', 'MODULO PARA 60 USUARIOS', 1, 20),
('5101MS-12-015', 'MODULO PARA 60 USUARIOS', 1, 20),
('5101MS-12-016', 'MODULO PARA 60 USUARIOS', 1, 20),
('5101MS-12-017', 'MODULO PARA 60 USUARIOS', 1, 20),
('5101MS-12-018', 'MODULO PARA 60 USUARIOS', 1, 20),
('5101MS-12-019', 'MODULO PARA 60 USUARIOS', 1, 20),
('5101MS-12-020', 'MODULO PARA 60 USUARIOS', 1, 20),
('5101MS-12-021', 'MODULO PARA 60 USUARIOS', 1, 20),
('5101MS-12-022', 'MODULO PARA 60 USUARIOS', 1, 20),
('5101MS-12-023', 'MODULO PARA 60 USUARIOS', 1, 20),
('5101MS-12-024', 'MODULO PARA 60 USUARIOS', 1, 20),
('5101MS-12-025', 'MODULO PARA 60 USUARIOS', 1, 20),
('5101MS-12-026', 'MODULO PARA 60 USUARIOS', 1, 20),
('5101MS-12-027', 'MODULO PARA 60 USUARIOS', 1, 20),
('5101MS-12-028', 'MODULO PARA 60 USUARIOS', 1, 20),
('5101MS-12-029', 'MODULO PARA 60 USUARIOS', 1, 20),
('5101MS-12-030', 'MODULO PARA 60 USUARIOS', 1, 20),
('5101MS-12-036', 'MESA MODULAR 1.22 * .60', 1, 25),
('5101MS-12-037', 'MESA MODULAR 1.22 * .60', 1, 25),
('5101MS-12-038', 'MESA MODULAR 1.22 * .60', 1, 25),
('5101MS-12-039', 'MESA MODULAR 1.22 * .60', 1, 25),
('5101MS-12-040', 'MESA MODULAR 1.22 * .60', 1, 25),
('5101MS-12-041', 'MESA MODULAR 1.22 * .60', 1, 25),
('5101MS-12-042', 'MESA MODULAR 1.22 * .60', 1, 25),
('5101MS-12-043', 'MESA MODULAR 1.22 * .60', 1, 25),
('5101MS-12-044', 'MESA MODULAR 1.22 * .60', 1, 25),
('5101MS-12-045', 'MESA MODULAR 1.22 * .60', 1, 25),
('5101MS-12-046', 'MESA MODULAR 1.83 * .60', 1, 25),
('5101MS-12-047', 'MESA MODULAR 1.83 * .60', 1, 25),
('5101MS-12-048', 'MESA MODULAR 1.83 * .60', 1, 25),
('5101MS-12-049', 'MODULO DE 1.52 * .60', 1, 25),
('5101MS-12-050', 'MODULO DE .90 * .76', 1, 22),
('5101MS-12-051', 'MODULO DE .90 * .76', 1, 22),
('5101MS-12-052', 'MODULO DE .90 * .76', 1, 22),
('5101MS-12-053', 'MODULO DE .90 * .76', 1, 22),
('5101MS-12-054', 'MODULO DE .90 * .76', 1, 22),
('5101MS-12-055', 'MODULO DE .90 * .76', 1, 22),
('5101MS-12-056', 'MODULO DE .90 * .76', 1, 22),
('5101MS-12-057', 'MODULO DE .90 * .76', 1, 22),
('5101MS-12-058', 'MODULO DE .90 * .76', 1, 22),
('5101MS-12-059', 'MODULO DE .90 * .76', 1, 22),
('5101MS-12-060', 'MODULO DE .90 * .76', 1, 22),
('5101MS-12-061', 'MODULO DE .90 * .76', 1, 22),
('5101MS-12-062', 'MODULO DE .90 * .76', 1, 22),
('5101MS-12-063', 'MODULO DE .90 * .76', 1, 22),
('5101MS-12-064', 'MODULO DE .90 * .76', 1, 22),
('5101MS-12-065', 'MODULO DE .90 * .76', 1, 22),
('5101MS-12-066', 'MODULO DE .90 * .76', 1, 22),
('5101MS-12-067', 'MODULO DE .90 * .76', 1, 22),
('5101MS-12-068', 'MODULO DE .90 * .76', 1, 22),
('5101MS-12-069', 'MODULO DE .90 * .76', 1, 22),
('5101MS-12-070', 'MODULO DE .90 * .76', 1, 22),
('5101MS-12-071', 'MODULO DE .90 * .76', 1, 22),
('5101MS-12-072', 'MODULO DE .90 * .76', 1, 22),
('5101MS-12-073', 'MODULO DE .90 * .76', 1, 22),
('5101MS-12-074', 'MODULO DE .90 * .76', 1, 22),
('5101MS-12-075', 'MODULO DE .90 * .76', 1, 22),
('5101MS-12-076', 'MODULO DE .90 * .76', 1, 22),
('5101MS-12-077', 'MODULO DE .90 * .76', 1, 22),
('5101MS-12-078', 'MODULO DE .90 * .76', 1, 22),
('5101MS-12-079', 'MODULO DE .90 * .76', 1, 22),
('5101MS-12-080', 'MODULO DE .90 * .76', 1, 22),
('5101MS-12-081', 'MODULO DE .90 * .76', 1, 22),
('5101MS-12-082', 'MODULO DE .90 * .76', 1, 22),
('5101MS-12-083', 'MODULO DE .90 * .76', 1, 22),
('5101MS-12-084', 'MODULO DE .90 * .76', 1, 22),
('5101MS-12-085', 'MODULO DE .90 * .76', 1, 22),
('5101MS-12-086', 'MODULO DE .90 * .76', 1, 22),
('5101MS-12-087', 'MODULO DE .90 * .76', 1, 23),
('5101MS-12-088', 'MODULO DE .90 * .76', 1, 23),
('5101MS-12-089', 'MODULO DE .90 * .76', 1, 23),
('5101MS-12-090', 'MODULO DE .90 * .76', 1, 23),
('5101MS-12-091', 'MODULO DE .90 * .76', 1, 23),
('5101MS-12-092', 'MODULO DE .90 * .76', 1, 23),
('5101MS-12-093', 'MODULO DE .90 * .76', 1, 23),
('5101MS-12-094', 'MODULO DE .90 * .76', 1, 23),
('5101MS-12-095', 'MODULO DE .90 * .76', 1, 23),
('5101MS-12-096', 'MODULO DE .90 * .76', 1, 23),
('5101MS-12-097', 'MODULO DE .90 * .76', 1, 23),
('5101MS-12-098', 'MODULO DE .90 * .76', 1, 23),
('5101MS-12-099', 'MODULO DE .90 * .76', 1, 23),
('5101MS-12-100', 'MODULO DE .90 * .76', 1, 23),
('5101MS-12-101', 'MODULO DE .90 * .76', 1, 23),
('5101MS-12-102', 'MODULO DE .90 * .76', 1, 23),
('5101MS-12-103', 'MODULO DE .90 * .76', 1, 23),
('5101MS-12-104', 'MODULO DE .90 * .76', 1, 23),
('5101MS-12-105', 'MODULO DE .90 * .76', 1, 23),
('5101MS-12-106', 'MODULO DE .90 * .76', 1, 23),
('5101MS-12-107', 'MODULO DE .90 * .76', 1, 23),
('5101MS-12-108', 'MODULO DE .90 * .76', 1, 23),
('5101MS-12-109', 'MODULO DE .90 * .76', 1, 23),
('5101MS-12-110', 'MODULO DE .90 * .76', 1, 23),
('5101MS-12-111', 'MODULO DE .90 * .76', 1, 23),
('5101MS-12-112', 'MODULO DE .90 * .76', 1, 23),
('5101MS-12-113', 'MODULO DE .90 * .76', 1, 23),
('5101MS-12-114', 'MODULO DE .90 * .76', 1, 23),
('5101MS-12-115', 'MODULO DE .90 * .76', 1, 23),
('5101MS-12-116', 'MODULO DE .90 * .76', 1, 23),
('5101MS-12-117', 'MODULO DE .90 * .76', 1, 23),
('5101MS-12-118', 'MODULO DE .90 * .76', 1, 23),
('5101MS-12-119', 'MODULO DE .90 * .76', 1, 23),
('5101MS-12-120', 'MODULO DE .90 * .76', 1, 23),
('5101MS-12-121', 'MODULO DE .90 * .76', 1, 23),
('5101MS-12-122', 'MODULO DE .90 * .76', 1, 23),
('5101MS-12-123', 'MODULO DE .90 * .76', 1, 23),
('5101MS-12-124', 'MODULO DE .90 * .76', 1, 21),
('5101MS-12-125', 'MODULO DE .90 * .76', 1, 21),
('5101MS-12-126', 'MODULO DE .90 * .76', 1, 21),
('5101MS-12-127', 'MODULO DE .90 * .76', 1, 21),
('5101MS-12-128', 'MODULO DE .90 * .76', 1, 21),
('5101MS-12-129', 'MODULO DE .90 * .76', 1, 21),
('5101MS-12-130', 'MODULO DE .90 * .76', 1, 21),
('5101MS-12-131', 'MODULO DE .90 * .76', 1, 21),
('5101MS-12-132', 'MODULO DE .90 * .76', 1, 21),
('5101MS-12-133', 'MODULO DE .90 * .76', 1, 21),
('5101MS-12-134', 'MODULO DE .90 * .76', 1, 21),
('5101MS-12-135', 'MODULO DE .90 * .76', 1, 21),
('5101MS-12-136', 'MODULO DE .90 * .76', 1, 21),
('5101MS-12-137', 'MODULO DE .90 * .76', 1, 21),
('5101MS-12-138', 'MODULO DE .90 * .76', 1, 21),
('5101MS-12-139', 'MODULO DE .90 * .76', 1, 21),
('5101MS-12-140', 'MODULO DE .90 * .76', 1, 21),
('5101MS-12-141', 'MODULO DE .90 * .76', 1, 21),
('5101MS-12-142', 'MODULO DE .90 * .76', 1, 21),
('5101MS-12-143', 'MODULO DE .90 * .76', 1, 21),
('5101MS-12-144', 'MODULO DE .90 * .76', 1, 21),
('5101MS-12-145', 'MODULO DE .90 * .76', 1, 21),
('5101MS-12-146', 'MODULO DE .90 * .76', 1, 21),
('5101MS-12-147', 'MODULO DE .90 * .76', 1, 21),
('5101MS-12-148', 'MODULO DE .90 * .76', 1, 21),
('5101MS-12-149', 'MODULO DE .90 * .76', 1, 21),
('5101MS-12-150', 'MODULO DE .90 * .76', 1, 21),
('5101MS-12-151', 'MODULO DE .90 * .76', 1, 21),
('5101MS-12-152', 'MODULO DE .90 * .76', 1, 21),
('5101MS-12-153', 'MODULO DE .90 * .76', 1, 21),
('5101MS-12-154', 'MODULO DE .90 * .76', 1, 21),
('5101MS-12-210', 'MODULO PARA 60 USUARIOS', 1, 24),
('5101MS-12-212', 'MODULO PARA 60 USUARIOS', 1, 21),
('5101MS-12-216', 'MESA PARA COMPUTADORA (ISLA PARA 5 ALUMNOS)', 1, 24),
('5101MS-12-217', 'MESA PARA COMPUTADORA (ISLA PARA 5 ALUMNOS)', 1, 24),
('5101MS-12-218', 'MESA PARA COMPUTADORA (ISLA PARA 5 ALUMNOS)', 1, 24),
('5101MS-12-219', 'MESA PARA COMPUTADORA (ISLA PARA 5 ALUMNOS)', 1, 24),
('5101MS-12-220', 'MESA PARA COMPUTADORA (ISLA PARA 5 ALUMNOS)', 1, 24),
('5101MS-12-221', 'MESA PARA COMPUTADORA (ISLA PARA 5 ALUMNOS)', 1, 24),
('5101MS-12-228', 'MESA PARA COMPUTADORA (ISLA PARA 5 ALUMNOS)', 1, 21),
('5101MS-12-229', 'MESA PARA COMPUTADORA (ISLA PARA 5 ALUMNOS)', 1, 21),
('5101MS-12-230', 'MESA PARA COMPUTADORA (ISLA PARA 5 ALUMNOS)', 1, 21),
('5101MS-12-231', 'MESA PARA COMPUTADORA (ISLA PARA 5 ALUMNOS)', 1, 21),
('5101MS-12-232', 'MESA PARA COMPUTADORA (ISLA PARA 5 ALUMNOS)', 1, 21),
('5101MS-12-233', 'MESA PARA COMPUTADORA (ISLA PARA 5 ALUMNOS)', 1, 21),
('52901EL-15-003', 'MESA CENTRAL PARA LABORATORIO DE 2.10 X 1.00 X .90 CMS. DE ACERO INOXIDABLE T304 EN', 1, 2),
('52901EL-15-005', 'MESA CENTRAL PARA LABORATORIO DE 2.10 X 1.00 X .90 CMS. DE ACERO INOXIDABLE T304 EN', 1, 2),
('29301EE-20-007', 'ESCRITORIO COLOR GRIS', 1, 1),
('5101PZ-01-002', 'PIZARRÓN DE ACRÍLICO BLANCO,EN MARCO DE ALUMINIO DE 300 X 120 CM.', 1, 10),
('5101PZ-01-004', 'PIZARRÓN DE ACRÍLICO BLANCO,EN MARCO DE ALUMINIO DE 300 X 120 CM.', 1, 12),
('5101PZ-01-005', 'PIZARRÓN DE ACRÍLICO BLANCO,EN MARCO DE ALUMINIO DE 300 X 120 CM.', 1, 11),
('5101PZ-01-008', 'PIZARRÓN DE ACRÍLICO BLANCO,EN MARCO DE ALUMINIO DE 300 X 120 CM.', 1, 14),
('5101PZ-01-014', 'PIZARRÓN BLANCO DE 1.20X3.00', 1, 33),
('5101PZ-02-002', 'PIZARRÓN DE ACRÍLICO BCO. 1.20 X 2.40, MARCO DE ALUMINIO', 1, 2),
('5101PZ-03-010', 'PIZARRÓN BLANCO DE 3.00 X 1.20 PORCELANIZADO', 1, 20),
('5101PZ-03-015', 'PIZARRÓN BLANCO DE 3.00 X 1.20 PORCELANIZADO', 1, 20),
('5101PZ-04-003', 'PIZARRÓN BLANCO PARA PLUMON 3X 1.20 MTS', 1, 6),
('5101PZ-04-005', 'PIZARRÓN BLANCO PARA PLUMON 3X 1.20 MTS', 1, 5),
('5101PZ-04-009', 'PIZARRÓN BLANCO PARA PLUMON 3X 1.20 MTS', 1, 34),
('5101PZ-04-013', 'PIZARRÓN BLANCO PARA PLUMON 3X 1.20 MTS', 1, 34),
('5101PZ-04-015', 'PIZARRÓN BLANCO PARA PLUMON 3X 1.20 MTS', 1, 2),
('5101PZ-04-017', 'PIZARRÓN BLANCO PARA PLUMON 3X 1.20 MTS', 1, 8),
('5101PZ-10-004', 'PIZARRON BLANCO 120 X 240 CMS', 1, 9),
('5101PZ-10-015', 'PIZARRON BLANCO 120 X 240 CMS', 1, 3),
('5101PZ-11-003', 'PIZARRON BLANCO DE 1.20 X 2.40', 1, 13),
('29301SI-20-015', 'SILLA DE MADERA COLOR VINO DE ALTURA', 1, 21),
('5101ME-04-001', 'MÓDULO EJECUTIVO PARA DIRECTOR CONSTA DE: ESCRITORIO PENINSULAR GOTA', 1, 1),
('5101ME-05-039', 'MODULO EJECUTIVO COLOR AZUL', 1, 1),
('5101ME-06-026', 'MODULO EJECUTIVO CON MESA DE PENINSULAR IZQUIERDO COLOR CAOBA INCLUYE:', 1, 1),
('5101ME-09-005', 'MODULO TIPO COORDINADOR EN LAMINADO PLASTICO', 1, 26),
('5101ME-09-010', 'MODULO TIPO COORDINADOR EN LAMINADO PLASTICO', 1, 26),
('5101MO-03-024', 'MÓDULO SECRETARIAL IZQUIERDO (QUE CONSTA DE ESCRITORIO DE', 1, 1),
('5101MS-01-005', 'MESA DE JUNTAS CIRCULAR DE 120 CMS DIÁMETRO COLOR CAOBA', 1, 1),
('5101MS-01-012', 'MESA PARA BIBLIOTECA DE .80 X 1.20 X .75 CMS.', 1, 20),
('5101MS-02-131', 'MESA DE JUNTAS 1.20 DIÁMETRO', 1, 19),
('5101MS-02-133', 'MESA DE JUNTAS 1.20 DIÁMETRO', 1, 19),
('5101MS-02-151', 'MESA BINARIA DE .40 X 1.20 X .75 CMS', 1, 3),
('5101MS-02-175', 'MESA BINARIA DE .40 X 1.20 X .75 CMS', 1, 12),
('5101MS-02-243', 'MESA BINARIA DE .40 X 1.20 X .75 CMS', 1, 25),
('5101MS-02-258', 'MESA BINARIA DE .40 X 1.20 X .75 CMS', 1, 9),
('5101MS-02-275', 'MESA BINARIA DE .40 X 1.20 X .75 CMS', 1, 16),
('5101MS-02-280', 'MESA BINARIA DE .40 X 1.20 X .75 CMS', 1, 6),
('5101MS-02-286', 'MESA BINARIA DE .40 X 1.20 X .75 CMS', 1, 13),
('5101MS-02-296', 'MESA BINARIA DE .40 X 1.20 X .75 CMS', 1, 4),
('5101MS-02-308', 'MESA BINARIA DE .40 X 1.20 X .75 CMS', 1, 15),
('5101MS-02-311', 'MESA BINARIA DE .40 X 1.20 X .75 CMS', 1, 5),
('5101MS-02-312', 'MESA BINARIA DE .40 X 1.20 X .75 CMS', 1, 16),
('5101MS-02-322', 'MESA BINARIA DE .40 X 1.20 X .75 CMS', 1, 1),
('5101MS-02-325', 'MESA BINARIA DE .40 X 1.20 X .75 CMS', 1, 16),
('5101MS-02-332', 'MESA BINARIA DE .40 X 1.20 X .75 CMS', 1, 25),
('5101MS-02-347', 'MESA BINARIA DE .40 X 1.20 X .75 CMS', 1, 20),
('5101MS-02-351', 'MESA BINARIA DE .40 X 1.20 X .75 CMS', 1, 16),
('5101MS-03-010', 'MESA DE TRABAJO DE 1.80 X 1.20 .86 CON CUBIERTA DE MADERA FORRADA CON FORMAICA', 1, 2),
('5101MS-03-026', 'MESA ALTA P/IMPRESORA', 1, 1),
('5101MS-03-030', 'MESA ALTA P/IMPRESORA', 1, 1),
('5101MS-03-036', 'MESA DE JUNTAS OVALADA P/8 PERSONAS', 1, 1),
('5101MS-03-060', 'MESA DE TRABAJO ALTA P/COMPUTADORA', 1, 29),
('5101MS-03-061', 'MESA DE TRABAJO ALTA P/COMPUTADORA', 1, 34),
('5101MS-05-005', 'MESA CIRCULAR DE 1.20*0.75 COLOR CAOBA', 1, 1),
('5101PZ-12-020', 'PIZARRÓN BLANCO PORCELANIZADO 1.20 X 2.40 CM.', 1, 25),
('21101PZ-20-004', 'PIZARRÓN BLANCO', 1, 32),
('21101PZ-20-005', 'PIZARRÓN BLANCO', 1, 24),
('21101PZ-20-006', 'PIZARRÓN BLANCO', 1, 25),
('21101PZ-20-007', 'PIZARRÓN BLANCO', 1, 33),
('21101PZ-20-008', 'PIZARRÓN BLANCO', 1, 16),
('5101SF-01-006', 'SILLÓN SEMI-EJECUTIVO GIRATORIO TAPIZADO EN TELA NEGRO', 1, 1),
('5101SF-01-027', 'SOFÁ EJECUTIVO DE 3 PLAZAS DE 1.80 X .61 X.77 TAPIZADO EN POLIURETANO COLOR NEGRO', 1, 18),
('5101SF-01-028', 'SOFÁ EJECUTIVO DE 3 PLAZAS DE 1.80 X .61 X.77 TAPIZADO EN POLIURETANO COLOR NEGRO', 1, 1),
('5101SF-01-031', 'SOFÁ EJECUTIVO DE 3 PLAZAS DE 1.80 X .61 X.77 TAPIZADO EN POLIURETANO COLOR NEGRO', 1, 1),
('5101SF-01-032', 'SOFÁ EJECUTIVO DE 3 PLAZAS DE 1.80 X .61 X.77 TAPIZADO EN POLIURETANO COLOR NEGRO', 1, 19),
('5101SF-01-033', 'SOFÁ EJECUTIVO DE 3 PLAZAS DE 1.80 X .61 X.77 TAPIZADO EN POLIURETANO COLOR NEGRO', 1, 1),
('5101SF-03-149', 'SILLÓN ROJO FIJO P/VISITAS CON DESCANZA BRAZOS EN TELA', 1, 1),
('5101SF-03-150', 'SILLÓN ROJO FIJO P/VISITAS CON DESCANZA BRAZOS EN TELA', 1, 1),
('5101SF-03-153', 'SILLÓN ROJO FIJO P/VISITAS CON DESCANZA BRAZOS EN TELA', 1, 1),
('5101SF-03-154', 'SILLÓN ROJO FIJO P/VISITAS CON DESCANZA BRAZOS EN TELA', 1, 1),
('5101SF-03-156', 'SILLÓN ROJO FIJO P/VISITAS CON DESCANZA BRAZOS EN TELA', 1, 1),
('5101SF-03-159', 'SILLÓN ROJO FIJO P/VISITAS CON DESCANZA BRAZOS EN TELA', 1, 1),
('5101SF-03-178', 'SILLÓN ROJO FIJO P/VISITAS CON DESCANZA BRAZOS EN TELA', 1, 1),
('5101SF-05-061', 'SILLÓN EJECUTIVO RESPALDO ALTO GIRATORIO COLOR AZUL', 1, 1),
('5101SF-05-096', 'SILLÓN DE VISITAS CON BASE COLOR AZUL (SILLA)', 1, 1),
('5101SF-05-117', 'SILLÓN DE VISITAS CON BASE COLOR AZUL (SILLA)', 1, 1),
('5101SF-05-120', 'SILLÓN DE VISITAS CON BASE COLOR AZUL (SILLA)', 1, 1),
('5101SF-05-123', 'SILLÓN DE VISITAS CON BASE COLOR AZUL (SILLA)', 1, 1),
('5101SF-05-134', 'SILLÓN DE VISITAS CON BASE COLOR AZUL (SILLA)', 1, 1),
('5101SF-05-139', 'SILLÓN DE VISITAS CON BASE COLOR AZUL (SILLA)', 1, 1),
('5101SF-05-140', 'SILLÓN DE VISITAS CON BASE COLOR AZUL (SILLA)', 1, 1),
('5101SF-05-144', 'SILLÓN DE VISITAS CON BASE COLOR AZUL (SILLA)', 1, 1),
('5101SF-06-006', 'SOFÁ DE TRES PLAZAS TAPIZADO EN TELA COLOR ROJO', 1, 1),
('5101SF-06-011', 'SILLÓN EJECUTIVO RESPALDO ALTO EN PIEL EN BASE Y BRAZOS EN VINIL EN COLOR VINO', 1, 1),
('5101SF-09-001', 'SILLON DE VISITA TIPO DIRECCION EN TELA', 1, 26),
('5101SF-09-006', 'SILLON DE VISITA TIPO DIRECCION EN TELA', 1, 26),
('5101SF-09-010', 'SILLON DE VISITA TIPO DIRECCION EN TELA', 1, 26),
('5101SF-09-011', 'SILLON DE VISITA TIPO DIRECCION EN TELA', 1, 26),
('5101SF-09-041', 'SILLON EJECUTIVO RESPALDO BAJO', 1, 26),
('5101SF-09-043', 'SILLON EJECUTIVO RESPALDO BAJO', 1, 26),
('5103PP-05-012', 'PANTALLA DE PARED DE 2.13*2.13 M.', 1, 1),
('5103PP-12-002', 'PANTALLA ELÉCTRICA BOX LIGHT 2.44 X 2.44 MTS. CON CONTROL REMOTO', 1, 24),
('5103PP-12-005', 'PANTALLA ELÉCTRICA BOX LIGHT 2.44 X 2.44 MTS. CON CONTROL REMOTO', 1, 25),
('5103PP-12-006', 'PANTALLA ELÉCTRICA BOX LIGHT 3.05 X 3.05 MTS. CON CONTROL REMOTO', 1, 22),
('5103PP-12-009', 'PANTALLA ELÉCTRICA BOX LIGHT 2.44 X 2.44 MTS. CON CONTROL REMOTO', 1, 21),
('5103PP-12-010', 'PANTALLA ELÉCTRICA BOX LIGHT 3.05 X 3.05 MTS. CON CONTROL REMOTO', 1, 1),
('5103PP-12-012', 'PANTALLA ELÉCTRICA BOX LIGHT 2.44 X 2.44 MTS. CON CONTROL REMOTO', 1, 21),
('5101MS-01-060', 'MESAS DE CÓMPUTO Y PATRONAJE', 1, 34),
('5101MS-01-063', 'MESAS DE CÓMPUTO Y PATRONAJE', 1, 2),
('5101MS-01-064', 'MESAS DE CÓMPUTO Y PATRONAJE', 1, 2),
('5101MS-01-065', 'MESAS DE CÓMPUTO Y PATRONAJE', 1, 34),
('51901BB-20-001', 'BEBEDERO', 1, 27),
('29301PR-19-005', 'PERCHERO CON METAL CUBIERTO CON PVC CON 6 GANCHOS', 1, 1);

insert into articles (Inventory_Number, Article_Name, Brand_Model, Manager, Classroom) values
('51501CP-20-009', 'LAPTOP', 'LENOVO INTEL CORE I7', 1,1),
('5101SI-02-523', 'SILLA TIPO CAPFCE', 'MS', 1,1),
('5101SI-02-536', 'SILLA TIPO CAPFCE', 'MS', 1,3),
('5101SI-02-580', 'SILLA TIPO CAPFCE', 'MS', 1,1),
('5101SI-02-592', 'SILLA TIPO CAPFCE', 'MS', 1,1),
('5101SI-02-596', 'SILLA TIPO CAPFCE', 'MS', 1,1),
('5101SI-02-608', 'SILLA TIPO CAPFCE', 'MS', 1,33),
('5101SI-02-613', 'SILLA TIPO CAPFCE', 'MS', 1,1),
('5101SI-13-015', 'SILLA PANAMA', 'PANAMA', 1,1),
('5101SI-13-017', 'SILLA PANAMA', 'PANAMA', 1,1),
('5205L2-01-019', 'TABURETE GIR. CON RESP.Y REGULABLE EN ALTURA', 'DE LORENZO DL 1150',1,2),
('5205L5-01-091', 'TABURETE GIR. CON RESP.Y REGULABLE (BANQUILLO)', 'DE LORENZO DL 1151',1,2),
('5205L5-01-092', 'TABURETE GIR. CON RESP.Y REGULABLE (BANQUILLO)', 'DE LORENZO DL 1152',1,2),
('5205L5-01-093', 'TABURETE GIR. CON RESP.Y REGULABLE (BANQUILLO)', 'DE LORENZO DL 1153',1,2),
('5205L5-01-094', 'TABURETE GIR. CON RESP.Y REGULABLE (BANQUILLO)', 'DE LORENZO DL 1154',1,2),
('5205L5-01-095', 'TABURETE GIR. CON RESP.Y REGULABLE (BANQUILLO)', 'DE LORENZO DL 1155',1,2),
('5205L5-01-096', 'TABURETE GIR. CON RESP.Y REGULABLE (BANQUILLO)', 'DE LORENZO DL 1156',1,2),
('5205L5-01-098', 'TABURETE GIR. CON RESP.Y REGULABLE (BANQUILLO)', 'DE LORENZO DL 1157',1,2),
('5101MS-02-121', 'MESA DE CENTRO P/RECEPCIÓN', 'MS', 1,1),
('5101MS-02-139', 'MESA PARA COMPUTADORA', 'MS', 1,21),
('5101MS-02-140', 'MESA PARA COMPUTADORA', 'MS', 1,21),
('5101MS-02-141', 'MESA PARA COMPUTADORA', 'MS', 1,21),
('5101MS-02-145', 'MESA PARA COMPUTADORA', 'MS', 1,21),
('5101MS-02-156', 'MESA PARA COMPUTADORA', 'MS', 1,21),
('5101MS-02-160', 'MESA PARA COMPUTADORA', 'MS', 1,21),
('5101MS-02-162', 'MESA PARA COMPUTADORA', 'MS', 1,21),
('5101MS-02-166', 'MESA PARA COMPUTADORA', 'MS', 1,3),
('5101PZ-12-005', 'PIZARRÓN BLANCO PORCELANIZADO DE 1.20 X 2.40 CM.', 'ARGOS', 1,24),
('5101PZ-12-007', 'PIZARRÓN BLANCO PORCELANIZADO DE 1.20 X 2.40 CM.', 'ARGOS', 1,21),
('5101PZ-12-014', 'PIZARRÓN BLANCO PORCELANIZADO DE 1.20 X 2.40 CM.', 'ARGOS', 1,25),
('5101SF-01-030', 'SOFÁ EJECUTIVO DE 3 PLAZAS DE 1.80 X .61 X.77  TAPIZADO EN POLIURETANO COLOR NEGRO', 'MS',1,18),
('5101SF-01-034', 'SOFÁ EJECUTIVO DE 3 PLAZAS DE 1.80 X .61 X.77  TAPIZADO EN POLIURETANO COLOR NEGRO', 'MS',1,18),
('5103DC-13-002', 'JUEGO DE DISEÑO Y CONFECCIÓN, INCLUYE RESTIRADOR PARA DIBUJO, BANCO Y LÁMPARA', 'ESCO ESCO TX', 1,33),
('5103DC-13-003', 'JUEGO DE DISEÑO Y CONFECCIÓN, INCLUYE RESTIRADOR PARA DIBUJO, BANCO Y LÁMPARA', 'ESCO ESCO TX', 1,33),
('5103DC-13-004', 'JUEGO DE DISEÑO Y CONFECCIÓN, INCLUYE RESTIRADOR PARA DIBUJO, BANCO Y LÁMPARA', 'ESCO ESCO TX', 1,33),
('5103DC-13-005', 'JUEGO DE DISEÑO Y CONFECCIÓN, INCLUYE RESTIRADOR PARA DIBUJO, BANCO Y LÁMPARA', 'ESCO ESCO TX', 1,33),
('5103DC-13-006', 'JUEGO DE DISEÑO Y CONFECCIÓN, INCLUYE RESTIRADOR PARA DIBUJO, BANCO Y LÁMPARA', 'ESCO ESCO TX', 1,33),
('5103DC-13-007', 'JUEGO DE DISEÑO Y CONFECCIÓN, INCLUYE RESTIRADOR PARA DIBUJO, BANCO Y LÁMPARA', 'ESCO ESCO TX', 1,33),
('5103DC-13-008', 'JUEGO DE DISEÑO Y CONFECCIÓN, INCLUYE RESTIRADOR PARA DIBUJO, BANCO Y LÁMPARA', 'ESCO ESCO TX', 1,33),
('5103DC-13-009', 'JUEGO DE DISEÑO Y CONFECCIÓN, INCLUYE RESTIRADOR PARA DIBUJO, BANCO Y LÁMPARA', 'ESCO ESCO TX', 1,33),
('5103DC-13-010', 'JUEGO DE DISEÑO Y CONFECCIÓN, INCLUYE RESTIRADOR PARA DIBUJO, BANCO Y LÁMPARA', 'ESCO ESCO TX', 1,33),
('5103DC-13-011', 'JUEGO DE DISEÑO Y CONFECCIÓN, INCLUYE RESTIRADOR PARA DIBUJO, BANCO Y LÁMPARA', 'ESCO ESCO TX', 1,33),
('5103DC-13-012', 'JUEGO DE DISEÑO Y CONFECCIÓN, INCLUYE RESTIRADOR PARA DIBUJO, BANCO Y LÁMPARA', 'ESCO ESCO TX', 1,33),
('5103DC-13-013', 'JUEGO DE DISEÑO Y CONFECCIÓN, INCLUYE RESTIRADOR PARA DIBUJO, BANCO Y LÁMPARA', 'ESCO ESCO TX', 1,33),
('5103DC-13-014', 'JUEGO DE DISEÑO Y CONFECCIÓN, INCLUYE RESTIRADOR PARA DIBUJO, BANCO Y LÁMPARA', 'ESCO ESCO TX', 1,33),
('5103DC-13-015', 'JUEGO DE DISEÑO Y CONFECCIÓN, INCLUYE RESTIRADOR PARA DIBUJO, BANCO Y LÁMPARA', 'ESCO ESCO TX', 1,33),
('5103DC-13-016', 'JUEGO DE DISEÑO Y CONFECCIÓN, INCLUYE RESTIRADOR PARA DIBUJO, BANCO Y LÁMPARA', 'ESCO ESCO TX', 1,33),
('5103DC-13-017', 'JUEGO DE DISEÑO Y CONFECCIÓN, INCLUYE RESTIRADOR PARA DIBUJO, BANCO Y LÁMPARA', 'ESCO ESCO TX', 1,33),
('5103DC-13-018', 'JUEGO DE DISEÑO Y CONFECCIÓN, INCLUYE RESTIRADOR PARA DIBUJO, BANCO Y LÁMPARA', 'ESCO ESCO TX', 1,33),
('5103DC-13-019', 'JUEGO DE DISEÑO Y CONFECCIÓN, INCLUYE RESTIRADOR PARA DIBUJO, BANCO Y LÁMPARA', 'ESCO ESCO TX', 1,33),
('5103DC-13-020', 'JUEGO DE DISEÑO Y CONFECCIÓN, INCLUYE RESTIRADOR PARA DIBUJO, BANCO Y LÁMPARA', 'ESCO ESCO TX', 1,33),
('5103DC-13-021', 'JUEGO DE DISEÑO Y CONFECCIÓN, INCLUYE RESTIRADOR PARA DIBUJO, BANCO Y LÁMPARA', 'ESCO ESCO TX', 1,33),
('5103DC-13-022', 'JUEGO DE DISEÑO Y CONFECCIÓN, INCLUYE RESTIRADOR PARA DIBUJO, BANCO Y LÁMPARA', 'ESCO ESCO TX', 1,33),
('5103DC-13-023', 'JUEGO DE DISEÑO Y CONFECCIÓN, INCLUYE RESTIRADOR PARA DIBUJO, BANCO Y LÁMPARA', 'ESCO ESCO TX', 1,33),
('5103DC-13-024', 'JUEGO DE DISEÑO Y CONFECCIÓN, INCLUYE RESTIRADOR PARA DIBUJO, BANCO Y LÁMPARA', 'ESCO ESCO TX', 1,33),
('5103DC-13-025', 'JUEGO DE DISEÑO Y CONFECCIÓN, INCLUYE RESTIRADOR PARA DIBUJO, BANCO Y LÁMPARA', 'ESCO ESCO TX', 1,33),
('5103DC-13-026', 'JUEGO DE DISEÑO Y CONFECCIÓN, INCLUYE RESTIRADOR PARA DIBUJO, BANCO Y LÁMPARA', 'ESCO ESCO TX', 1,33),
('5103DC-13-027', 'JUEGO DE DISEÑO Y CONFECCIÓN, INCLUYE RESTIRADOR PARA DIBUJO, BANCO Y LÁMPARA', 'ESCO ESCO TX', 1,33),
('5103DC-13-028', 'JUEGO DE DISEÑO Y CONFECCIÓN, INCLUYE RESTIRADOR PARA DIBUJO, BANCO Y LÁMPARA', 'ESCO ESCO TX', 1,33),
('5103DC-13-029', 'JUEGO DE DISEÑO Y CONFECCIÓN, INCLUYE RESTIRADOR PARA DIBUJO, BANCO Y LÁMPARA', 'ESCO ESCO TX', 1,33),
('5103DC-13-030', 'JUEGO DE DISEÑO Y CONFECCIÓN, INCLUYE RESTIRADOR PARA DIBUJO, BANCO Y LÁMPARA', 'ESCO ESCO TX', 1,33),
('5103DC-13-031', 'JUEGO DE DISEÑO Y CONFECCIÓN, INCLUYE RESTIRADOR PARA DIBUJO, BANCO Y LÁMPARA', 'ESCO ESCO TX', 1,33),
('5103PP-01-002', 'PANTALLA DE PARED PLEGABLE DE 1.78 X 1.78', 'DATALITE', 1,4),
('5103PP-06-001', 'PANTALLA DE PARED ENROLLADO AUTOMÁTICO MANUAL, PROYECCIÓN', 'DA-LITE CLASS RITTE',1,2),
('5103PP-06-007', 'PANTALLA DE PROYECCIÓN DE TRIPIE MEDIDA DE 1.78X1.78 .', 'DATALITE', 1,1),
('5103PP-10-010', 'PANTALLA ELECTRICA DE PARED', 'READLEAF 213 X 213 MM', 1,3),
('5103PP-12-020', 'PANTALLA ELÉCTRICA DE 2.44X2.44', 'DA-LITE', 1,20),
('5103PP-12-022', 'PANTALLA ELÉCTRICA DE 2.44X2.44', 'DA-LITE', 1,20),
('51501CE-18-065', 'COMPUTADORA DE ESCRITORIO TTHINK CENTRE M710S', 'THINKVISION E2054 19.5 WIDE IPS LED', 1,23),
('51501CE-18-066', 'COMPUTADORA DE ESCRITORIO TTHINK CENTRE M710S', 'THINKVISION E2054 19.5 WIDE IPS LED', 1,23),
('51901RF-19-003', 'DESPACHADOR DE AGUA CON FRIGOBAR MARCA', 'PURESA 49PFL4909/F8', 1,1),
('5205RV-03-051', 'NO BREAK SOLA BASIC MICRO SR 800VA/640 W', 'SOLA BASIC MICRO SR 800VA/640 W', 1,1),
('21401AT-23-001', 'RADIO DE COMUNICACIÓN (PROTECCIÓN CIVIL )', 'MOTOROLA T200MC', 1,1),
('29901VE-22-015', 'VENTILADOR DE PARED NAVIA 18" COLOR BLANCO', 'NAVIA CR018P', 1,29);

insert into articles ( Inventory_Number, Article_Name, Brand_Model, Serial_Num, Manager, Classroom) values
('29301SI-20-013', 'SILLA LUBEC', 'LUBEC EM35206-EC3', '192286-00', 1, 1),
('5102PP-13-010', 'PANTALLA TV LED', 'SAMSUNG SMART TV', 'Z7KH13AD700311', 1, 7),
('5102PP-13-011', 'PANTALLA TV LED', 'SAMSUNG SMART TV', 'Z7KH13AD700607', 1, 10),
('5102PP-13-012', 'PANTALLA TV LED', 'SAMSUNG SMART TV', 'Z7KH13AD700558', 1, 6),
('5102PP-13-013', 'PANTALLA TV LED', 'SAMSUNG SMART TV', 'Z7KH13AD700602', 1, 12),
('5102PP-13-014', 'PANTALLA TV LED', 'SAMSUNG SMART TV', 'Z7KH13AD700617', 1, 5),
('5102TV-11-004', 'MONITOR LCD DE 40 PULGADAS', 'SAMSUNG LN40D550', 'Z3BN3CTB204156', 1, 19),
('5103CÑ-12-020', 'PROYECTOR', 'OPTOMA DS326', 'Q8LG139AAAAAC0556', 1, 2),
('5103CÑ-13-005', 'PROYECTOR', 'OPTOMA TW631-3D', 'FPE9319BAAAAD0023', 1, 16),
('51501CE-14-001', 'EQUIPO DE COMPUTO INTEL CORE I5', 'MACINTOSH IMAC', 'C02MH2TMF8J4', 1, 21),
('51501CE-14-002', 'EQUIPO DE COMPUTO INTEL CORE I5', 'MACINTOSH IMAC', 'C02M24BBF8J4', 1, 21),
('51501CE-14-003', 'EQUIPO DE COMPUTO INTEL CORE I5', 'MACINTOSH IMAC', 'C02MH2TAF8J4', 1, 21),
('51501CE-14-004', 'EQUIPO DE COMPUTO INTEL CORE I5', 'MACINTOSH IMAC', 'C02M24B9F8JA', 1, 21),
('51501CE-14-005', 'EQUIPO DE COMPUTO INTEL CORE I5', 'MACINTOSH IMAC', 'C02M245ZF8J4', 1, 21),
('51501CE-14-006', 'EQUIPO DE COMPUTO INTEL CORE I5', 'MACINTOSH IMAC', 'C02MH2U1F8J4', 1, 21),
('51501CE-14-042', 'COMPUTADORA IMAC', 'APPLE A1419', 'C02NW092F8J4', 1, 1),
('51501CE-15-056', 'COMPUTADORA IMAC 27 RETINA', 'APPLE IMAC', 'C02P73YXFY10', 1, 21),
('51501CE-17-001', 'COMPUTADORA DE ESCRITORIO DELL', 'DELL D11S', '21586679570/9X05GK2', 1, 24),
('51501CE-17-002', 'COMPUTADORA DE ESCRITORIO DELL', 'DELL D11S', '21584813330/9WZ1GK2', 1, 24),
('51501CE-17-003', 'COMPUTADORA DE ESCRITORIO DELL', 'DELL D11S', '51581547410/9WX3GK2', 1, 24),
('51501CE-17-004', 'COMPUTADORA DE ESCRITORIO DELL', 'DELL D11S', '21583039106/9WXZFK2', 1, 24),
('51501CE-17-005', 'COMPUTADORA DE ESCRITORIO DELL', 'DELL D11S', '21584859986/9WZ2GK2', 1, 24),
('51501CE-17-006', 'COMPUTADORA DE ESCRITORIO DELL', 'DELL D11S', '21586632914/9X04GK2', 1, 24),
('51501CE-17-007', 'COMPUTADORA DE ESCRITORIO DELL', 'DELL D11S', '21586398388/9WZZFK2', 1, 24),
('51501CE-17-008', 'COMPUTADORA DE ESCRITORIO DELL', 'DELL D11S', '21588265874/9X13GK2', 1, 24),
('51501CE-17-009', 'COMPUTADORA DE ESCRITORIO DELL', 'DELL D11S', '21588125906/9XI0GK2', 1, 24),
('51501CE-17-010', 'COMPUTADORA DE ESCRITORIO DELL', 'DELL D11S', '21583273682/9WY4GK2', 1, 24),
('51501CE-17-011', 'COMPUTADORA DE ESCRITORIO DELL', 'DELL D11S', '21584718722/9WYZFK2', 1, 24),
('51501CE-17-012', 'COMPUTADORA DE ESCRITORIO DELL', 'DELL D11S', '21581359490/9WWZFK2', 1, 24),
('51501CE-17-013', 'COMPUTADORA DE ESCRITORIO DELL', 'DELL D11S', '21586446290/9X00GK2', 1, 24),
('51501CE-17-014', 'COMPUTADORA DE ESCRITORIO DELL', 'DELL D11S', '21586539602/9X02GK2', 1, 24),
('51501CE-17-015', 'COMPUTADORA DE ESCRITORIO DELL', 'DELL D11S', '21581594066/9WX4GK2', 1, 24),
('51501CE-17-016', 'COMPUTADORA DE ESCRITORIO DELL', 'DELL D11S', '21583087058/9WY0GK2', 1, 24),
('51501CE-17-017', 'COMPUTADORA DE ESCRITORIO DELL', 'DELL D11S', '21586586258/9X03GK2', 1, 24),
('51501CE-17-018', 'COMPUTADORA DE ESCRITORIO DELL', 'DELL D11S', '21588219218/9X12GK2', 1, 24),
('51501CE-17-019', 'COMPUTADORA DE ESCRITORIO DELL', 'DELL D11S', '21586492946/9X01GK2', 1, 24),
('51501CE-17-020', 'COMPUTADORA DE ESCRITORIO DELL', 'DELL D11S', '21583180370/9WY2GK2', 1, 24),
('51501CE-17-021', 'COMPUTADORA DE ESCRITORIO DELL', 'DELL D11S', '21581407442/9WX0GK2', 1, 24),
('51501CE-17-022', 'COMPUTADORA DE ESCRITORIO DELL', 'DELL D11S', '21583227026/9WY3GK2', 1, 24),
('51501CE-17-023', 'COMPUTADORA DE ESCRITORIO DELL', 'DELL D11S', '21588172562/9X11GK2', 1, 24),
('51501CE-17-024', 'COMPUTADORA DE ESCRITORIO DELL', 'DELL D11S', '12581500754/9WX2GK2', 1, 24),
('51501CE-17-025', 'COMPUTADORA DE ESCRITORIO DELL', 'DELL D11S', '21584766674/9WZ0GK2', 1, 24),
('51501CE-17-026', 'COMPUTADORA DE ESCRITORIO DELL', 'DELL D11S', '21584953298/9WZ4GK2', 1, 24),
('51501CE-17-027', 'COMPUTADORA DE ESCRITORIO DELL', 'DELL D11S', '21584906642/9WZ3GK2', 1, 24),
('51501CE-17-028', 'COMPUTADORA DE ESCRITORIO DELL', 'DELL D11S', '21581454098/9WX1GK2', 1, 24),
('51501CE-17-029', 'COMPUTADORA DE ESCRITORIO DELL', 'DELL D11S', '21583133714/9WY1GK2', 1, 24),
('51501CE-17-030', 'COMPUTADORA DE ESCRITORIO DELL', 'DELL D11S', '21579914450/9WW4GK2', 1, 24),
('51501CE-18-002', 'COMPUTADORA DE ESCRITORIO TTHINK CENTRE M710S', 'LENOVO / THINKVISION SA5R00 / E2054A', 'MJ06SLS5 / VKK39286', 1,23),
('51501CE-18-003', 'COMPUTADORA DE ESCRITORIO TTHINK CENTRE M710S', 'LENOVO / THINKVISION SA5R00 / E2054A', 'MJ06SLTZ / VKK40289', 1,23),
('51501CE-18-005', 'COMPUTADORA DE ESCRITORIO TTHINK CENTRE M710S', 'LENOVO / THINKVISION SA5R00 / E2054A', 'MJ06SLTQ / VKK39265', 1,23),
('51501CE-18-006', 'COMPUTADORA DE ESCRITORIO TTHINK CENTRE M710S', 'LENOVO / THINKVISION SA5R00 / E2054A', 'MJ06SLSM / VKK40290', 1,23),
('51501CE-18-007', 'COMPUTADORA DE ESCRITORIO TTHINK CENTRE M710S', 'LENOVO / THINKVISION SA5R00 / E2054A', 'MJ06SLSC / VKK40307', 1,23),
('51501CE-18-008', 'COMPUTADORA DE ESCRITORIO TTHINK CENTRE M710S', 'LENOVO / THINKVISION SA5R00 / E2054A', 'MJ06SLTG / VKK40299', 1,23),
('51501CE-18-017', 'COMPUTADORA DE ESCRITORIO TTHINK CENTRE M710S', 'THINKVISION E2054 19.5 WIDE IPS LED', 'MJ06SLT8-VKK40316', 1,23),
('51501CE-18-018', 'COMPUTADORA DE ESCRITORIO TTHINK CENTRE M710S', 'THINKVISION E2054 19.5 WIDE IPS LED', 'MJ06SLS7-VKK39275', 1,23),
('51501CE-18-023', 'COMPUTADORA DE ESCRITORIO TTHINK CENTRE M710S', 'THINKVISION E2054 19.5 WIDE IPS LED', 'MJ06SLSS', 1,23),
('51501CE-18-039', 'COMPUTADORA DE ESCRITORIO TTHINK CENTRE M710S', 'THINKVISION E2054 19.5 WIDE IPS LED', 'MJ06SLT8 / VKK40290', 1,23),
('51501CE-18-040', 'COMPUTADORA DE ESCRITORIO TTHINK CENTRE M710S', 'THINKVISION E2054 19.5 WIDE IPS LED', 'MJ06SLT9 / VKK40291', 1,23),
('51501CE-18-041', 'COMPUTADORA DE ESCRITORIO TTHINK CENTRE M710S', 'THINKVISION E2054 19.5 WIDE IPS LED', 'MJ06SLTA / VKK40292', 1,23),
('51501CE-18-042', 'COMPUTADORA DE ESCRITORIO TTHINK CENTRE M710S', 'THINKVISION E2054 19.5 WIDE IPS LED', 'MJ06SLTB / VKK40293', 1,23),
('51501CE-18-043', 'COMPUTADORA DE ESCRITORIO TTHINK CENTRE M710S', 'THINKVISION E2054 19.5 WIDE IPS LED', 'MJ06SLTC / VKK40294', 1,23),
('51501CE-18-044', 'COMPUTADORA DE ESCRITORIO TTHINK CENTRE M710S', 'THINKVISION E2054 19.5 WIDE IPS LED', 'MJ06SLTD / VKK40295', 1,23),
('51501CE-18-045', 'COMPUTADORA DE ESCRITORIO TTHINK CENTRE M710S', 'THINKVISION E2054 19.5 WIDE IPS LED', 'MJ06SLTE / VKK40296', 1,23),
('51501CE-18-046', 'COMPUTADORA DE ESCRITORIO TTHINK CENTRE M710S', 'THINKVISION E2054 19.5 WIDE IPS LED', 'MJ06SLTF / VKK40297', 1,23),
('51501CE-18-047', 'COMPUTADORA DE ESCRITORIO TTHINK CENTRE M710S', 'THINKVISION E2054 19.5 WIDE IPS LED', 'MJ06SLTG / VKK40298', 1,23),
('51501CE-18-050', 'COMPUTADORA DE ESCRITORIO TTHINK CENTRE M710S', 'THINKVISION E2054 19.5 WIDE IPS LED', 'MJ06SLTK / VKK40301', 1,23),
('51501CE-18-052', 'COMPUTADORA DE ESCRITORIO TTHINK CENTRE M710S', 'THINKVISION E2054 19.5 WIDE IPS LED', 'MJ06SLTM / VKK40303', 1,23),
('51501CE-18-054', 'COMPUTADORA DE ESCRITORIO TTHINK CENTRE M710S', 'THINKVISION E2054 19.5 WIDE IPS LED', 'MJ06SLTP / VKK40305', 1,23),
('51501CE-18-055', 'COMPUTADORA DE ESCRITORIO TTHINK CENTRE M710S', 'THINKVISION E2054 19.5 WIDE IPS LED', 'MJ06SLTQ / VKK40306', 1,23),
('51501CE-18-057', 'COMPUTADORA DE ESCRITORIO TTHINK CENTRE M710S', 'THINKVISION E2054 19.5 WIDE IPS LED', 'MJ06SLTS / VKK40308', 1,23),
('51501CE-18-058', 'COMPUTADORA DE ESCRITORIO TTHINK CENTRE M710S', 'THINKVISION E2054 19.5 WIDE IPS LED', 'MJ06SLTT / VKK40309', 1,23),
('51501CE-18-060', 'COMPUTADORA DE ESCRITORIO TTHINK CENTRE M710S', 'THINKVISION E2054 19.5 WIDE IPS LED', 'MJ06SLTV / VKK40311', 1,23),
('51501CE-18-061', 'COMPUTADORA DE ESCRITORIO TTHINK CENTRE M710S', 'THINKVISION E2054 19.5 WIDE IPS LED', 'MJ06SLTW / VKK40312', 1,23),
('51501CE-18-062', 'COMPUTADORA DE ESCRITORIO TTHINK CENTRE M710S', 'THINKVISION E2054 19.5 WIDE IPS LED', 'MJ06SLTX / VKK40313', 1,23),
('51501CE-18-064', 'COMPUTADORA DE ESCRITORIO TTHINK CENTRE M710S', 'THINKVISION E2054 19.5 WIDE IPS LED', 'MJ06SLTZ / VKK40315', 1,23),
('51501CE-18-135', 'COMPUTADORA DE ESCRITORIO DELL', 'DELL OPTIPLEX 3060 MICRO', 'H3XK0S2', 1,1),
('51501CE-21-031', 'COMPUTADORA DE ESCRITORIO COLOR PLATA IMAC', 'IMAC A2115', 'C02GW1GKPN5W', 1,22),
('51501CE-21-032', 'COMPUTADORA DE ESCRITORIO COLOR PLATA IMAC', 'IMAC A2116', 'C02GP0Y2PN5W', 1,22),
('51501CE-21-033', 'COMPUTADORA DE ESCRITORIO COLOR PLATA IMAC', 'IMAC A2117', 'C02GW1J9PN5W', 1,22),
('51501CE-21-034', 'COMPUTADORA DE ESCRITORIO COLOR PLATA IMAC', 'IMAC A2118', 'C02H10XWPN5W', 1,22),
('51501CE-21-035', 'COMPUTADORA DE ESCRITORIO COLOR PLATA IMAC', 'IMAC A2119', 'C02GP0XRPN5W', 1,22),
('51501CE-21-036', 'COMPUTADORA DE ESCRITORIO COLOR PLATA IMAC', 'IMAC A2120', 'C02H10YTPN5W', 1,22),
('51501CE-21-037', 'COMPUTADORA DE ESCRITORIO COLOR PLATA IMAC', 'IMAC A2121', 'C02GW12UPN5W', 1,22),
('51501CE-21-038', 'COMPUTADORA DE ESCRITORIO COLOR PLATA IMAC', 'IMAC A2122', 'C02GW1JFPN5W', 1,22),
('51501CE-21-039', 'COMPUTADORA DE ESCRITORIO COLOR PLATA IMAC', 'IMAC A2123', 'C02GW1JRPN5W', 1,22),
('51501CE-21-040', 'COMPUTADORA DE ESCRITORIO COLOR PLATA IMAC', 'IMAC A2124', 'C02GR2DMPN5W', 1,22),
('51501CE-21-041', 'COMPUTADORA DE ESCRITORIO COLOR PLATA IMAC', 'IMAC A2125', 'C02GW11CPN5W', 1,22),
('51501CE-21-042', 'COMPUTADORA DE ESCRITORIO COLOR PLATA IMAC', 'IMAC A2126', 'C02GW11DPN5W', 1,22),
('51501CE-21-043', 'COMPUTADORA DE ESCRITORIO COLOR PLATA IMAC', 'IMAC A2127', 'C02GP0XEPN5W', 1,22),
('51501CE-21-044', 'COMPUTADORA DE ESCRITORIO COLOR PLATA IMAC', 'IMAC A2128', 'C02GW11NPN5W', 1,22),
('51501CE-21-045', 'COMPUTADORA DE ESCRITORIO COLOR PLATA IMAC', 'IMAC A2129', 'C02GW1JWPN5W', 1,22),
('51501CE-21-046', 'COMPUTADORA DE ESCRITORIO COLOR PLATA IMAC', 'IMAC A2130', 'C02GW1H6PN5W', 1,22),
('51501CE-21-047', 'COMPUTADORA DE ESCRITORIO COLOR PLATA IMAC', 'IMAC A2131', 'C02GW1K1PN5W', 1,22),
('51501CE-21-048', 'COMPUTADORA DE ESCRITORIO COLOR PLATA IMAC', 'IMAC A2132', 'C02H10YCPN5W', 1,22),
('51501CE-21-049', 'COMPUTADORA DE ESCRITORIO COLOR PLATA IMAC', 'IMAC A2133', 'C02GW1BPN5W', 1,22),
('51501CE-21-050', 'COMPUTADORA DE ESCRITORIO COLOR PLATA IMAC', 'IMAC A2134', 'C02GW11JPN5W', 1,22),
('51501CE-21-051', 'COMPUTADORA DE ESCRITORIO COLOR PLATA IMAC', 'IMAC A2135', 'C02GW112PN5W', 1,22),
('51501CE-21-052', 'COMPUTADORA DE ESCRITORIO COLOR PLATA IMAC', 'IMAC A2136', 'C02GP0XLPN5W', 1,22),
('51501CE-21-053', 'COMPUTADORA DE ESCRITORIO COLOR PLATA IMAC', 'IMAC A2137', 'C02H10Y8PN5W', 1,22),
('51501CE-21-054', 'COMPUTADORA DE ESCRITORIO COLOR PLATA IMAC', 'IMAC A2138', 'C02GW1JCPN5W', 1,22),
('51501CE-21-055', 'COMPUTADORA DE ESCRITORIO COLOR PLATA IMAC', 'IMAC A2139', 'C02GW1JDPN5W', 1,22),
('51501CE-21-056', 'COMPUTADORA DE ESCRITORIO COLOR PLATA IMAC', 'IMAC A2140', 'C02GW1JYPN5W', 1,22),
('51501CE-21-057', 'COMPUTADORA DE ESCRITORIO COLOR PLATA IMAC', 'IMAC A2141', 'C02H10XXPN5W', 1,22),
('51501CE-21-058', 'COMPUTADORA DE ESCRITORIO COLOR PLATA IMAC', 'IMAC A2142', 'C02H10YWPN5W', 1,22),
('51501CE-21-059', 'COMPUTADORA DE ESCRITORIO COLOR PLATA IMAC', 'IMAC A2143', 'C02GW1HGPN5W', 1,22),
('51501CE-21-060', 'COMPUTADORA DE ESCRITORIO COLOR PLATA IMAC', 'IMAC A2144', 'C02GW1HVPN5W', 1,22),
('51501CP-20-002', 'LAPTOP', 'DELL A2115', '42898Y2', 1,26),
('51501DC-16-001', 'DOCKING', 'DELL D3100', '36M9K', 1,1),
('51501IM-15-001', 'IMPRESORA MARCA EPSON ANCHO MÁXIMO 9 PULGADAS CON SISTEMA DE TINTA', 'EPSON L800', 'Q7ZK021791', 1,1),
('51501IM-19-002', 'IMPRESORA 3D', 'MAKERBOT MP07825', 'CNC NO. C-14662', 1,1),
('51501IP-17-006', 'IPAD COLOR PLATA DE 128 GB', 'APPLE A1822', 'GCGV77B5HP9Y', 1,1),
('51501MN-15-001', 'MONITOR', 'DELL E2316H 23 FULL HD', 'CN-0P7DP3-72872-56Q-CLRS', 1,24),
('51501MN-15-002', 'MONITOR', 'DELL E2316H 23 FULL HD', 'CN-OP7DP3-72872-56Q-', 1,24),
('51501MN-15-003', 'MONITOR', 'DELL E2316H 23 FULL HD', 'CN-OP7DP3-72872-56Q-', 1,24),
('51501MN-15-004', 'MONITOR', 'DELL E2316H 23 FULL HD', 'CN-0P7DP3-72872-56Q-CNES', 1,24),
('51501MN-15-005', 'MONITOR', 'DELL E2316H 23 FULL HD', 'CN-OP7DP3-72872-56Q-', 1,24),
('51501MN-15-006', 'MONITOR', 'DELL E2316H 23 FULL HD', 'CN-0P7DP3-72872-56Q-CP4S', 1,24),
('51501MN-15-007', 'MONITOR', 'DELL E2316H 23 FULL HD', 'CN-OP7DP3-72872-56Q-', 1,24),
('51501MN-15-008', 'MONITOR', 'DELL E2316H 23 FULL HD', 'CN-0P7DP3-72872-56Q-CN6S', 1,24),
('51501MN-15-009', 'MONITOR', 'DELL E2316H 23 FULL HD', 'CN-OP7DP3-72872-56Q-', 1,24),
('51501MN-15-010', 'MONITOR', 'DELL E2316H 23 FULL HD', 'CN-0P7DP3-72872-56Q-CNPS', 1,24),
('51501MN-15-011', 'MONITOR', 'DELL E2316H 23 FULL HD', 'CN-OP7DP3-72872-56Q-', 1,24),
('51501MN-15-012', 'MONITOR', 'DELL E2316H 23 FULL HD', 'CN-0P7DP3-72872-56Q-CRJS', 1,24),
('51501MN-15-013', 'MONITOR', 'DELL E2316H 23 FULL HD', 'CN-OP7DP3-72872-56Q-', 1,24),
('51501MN-15-014', 'MONITOR', 'DELL E2316H 23 FULL HD', 'CN-0P7DP3-72872-56Q-CMNS', 1,24),
('51501MN-15-015', 'MONITOR', 'DELL E2316H 23 FULL HD', 'CN-OP7DP3-72872-56Q-', 1,24),
('51501MN-15-016', 'MONITOR', 'DELL E2316H 23 FULL HD', 'CN-0P7DP3-72872-56Q-CPFS', 1,24),
('51501MN-15-017', 'MONITOR', 'DELL E2316H 23 FULL HD', 'CN-OP7DP3-72872-56Q-', 1,24),
('51501MN-15-018', 'MONITOR', 'DELL E2316H 23 FULL HD', 'CN-0P7DP3-72872-56Q-CNKS', 1,24),
('51501MN-15-019', 'MONITOR', 'DELL E2316H 23 FULL HD', 'CN-OP7DP3-72872-56Q-', 1,24),
('51501MN-15-020', 'MONITOR', 'DELL E2316H 23 FULL HD', 'CN-0P7DP3-72872-56Q-CNGS', 1,24),
('51501MN-15-021', 'MONITOR', 'DELL E2316H 23 FULL HD', 'CN-OP7DP3-72872-56Q-', 1,24),
('51501MN-15-022', 'MONITOR', 'DELL E2316H 23 FULL HD', 'CN-0P7DP3-72872-56Q-CNNS', 1,24),
('51501MN-15-023', 'MONITOR', 'DELL E2316H 23 FULL HD', 'N-0P7DP3-72872-56Q-CMTS', 1,24),
('51501MN-15-024', 'MONITOR', 'DELL E2316H 23 FULL HD', 'CN-0P7DP3-72872-56Q-CNAS', 1,24),
('51501MN-15-025', 'MONITOR', 'DELL E2316H 23 FULL HD', 'CN-OP7DP3-72872-56Q-', 1,24),
('51501MN-15-026', 'MONITOR', 'DELL E2316H 23 FULL HD', 'CN-OP7DP3-72872-56Q-', 1,24),
('51501MN-15-027', 'MONITOR', 'DELL E2316H 23 FULL HD', 'CN-OP7DP3-72872-56Q-', 1,24),
('51501MN-15-028', 'MONITOR', 'DELL E2316H 23 FULL HD', 'CN-OP7DP3-72872-56Q-', 1,24),
('51501MN-15-029', 'MONITOR', 'DELL E2316H 23 FULL HD', 'CN-OP7DP3-72872-56Q-', 1,24),
('51501MN-15-044', 'MONITOR', 'DELL E2316H 23 FULL HD', 'CN-0P7DP3-72872-56Q-CNFS', 1,24),
('51901PP-14-001', 'AULA DE VIDEOCONFERENCIA (PANTALLA DE VÍDEO)', 'SHARP 49PFL4909/F8', 'XA1A1440115942',1,8),
('51901PP-14-002', 'AULA DE VIDEOCONFERENCIA (PANTALLA DE VÍDEO)', 'SHARP 49PFL4909/F9', 'XA1A1440115938', 1,9),
('51901PP-14-003', 'AULA DE VIDEOCONFERENCIA (PANTALLA DE VÍDEO)', 'SHARP 49PFL4909/F10', 'XA1A1440115939', 1,14),
('51901PP-14-005', 'AULA DE VIDEOCONFERENCIA (PANTALLA DE VÍDEO)', 'SHARP 49PFL4909/F11', 'XA1A1440115930', 1,13),
( '5204AT-10-004', 'TELEFONO IP 6 LINEAS TELEFONICAS', 'CISCO 7961', 'FCH13408EVM', 1,1),
( '5204AT-12-041', 'TELÉFONO CISCO UC PHONE 7975G', 'CISCO 7962', 'FCH160197QN', 1,1),
( '5205RV-05-024', 'SISTEMA DE ENERGÍA ININTERRUMPIDA', 'APC BR800', 'QB0336234683', 1,1),
( '5205RV-09-019', 'NO BREAK', 'APC UPS ES 550VA', '4B0938PS2916', 1,20),
( '5205RV-09-022', 'NO BREAK', 'APC UPS ES 550VA', '4B0938PS2070', 1,20),
( '5205RV-09-023', 'NO BREAK', 'APC UPS ES 550VA', '4B0938PS2999', 1,20),
( '5205RV-09-024', 'NO BREAK', 'APC UPS ES 550VA', '4B0938PS2280', 1,20),
( '5205RV-09-026', 'NO BREAK', 'APC UPS ES 550VA', '4B0938PS2272', 1,20),
( '5205RV-09-028', 'NO BREAK', 'APC UPS ES 550VA', '4B0938PS1649', 1,20),
( '5205RV-09-029', 'NO BREAK', 'APC UPS ES 550VA', '4B0938PS2138', 1,20),
( '5205RV-09-030', 'NO BREAK', 'APC UPS ES 550VA', '4B0938PS2921', 1,20),
( '5205RV-09-033', 'NO BREAK', 'APC UPS ES 550VA', '4B0938PS2291', 1,20),
( '5205RV-09-038', 'NO BREAK', 'APC UPS ES 550VA', '4B0938PS2062', 1,20),
( '5205RV-09-042', 'NO BREAK', 'APC UPS ES 550VA', '4B0938PS2936', 1,20),
( '5205RV-12-065', 'NO BREAK', 'COMPLET MT800', '12IJ500632', 1,20),
( '5206CE-12-229', 'COMPUTADORA DE ESCRITORIO, MONITOR DELL E1911 DE 19" CON NO. DE SERIE', 'DELL OPTIPLEX 7010', '9HRHYV1', 1,20),
( '5206CE-12-231', 'COMPUTADORA DE ESCRITORIO, MONITOR DELL E1911 DE 19" CON NO. DE SERIE', 'DELL OPTIPLEX 7011', '9HSJYV1', 1,20),
( '5206CE-12-232', 'COMPUTADORA DE ESCRITORIO, MONITOR DELL E1911 DE 19" CON NO. DE SERIE', 'DELL OPTIPLEX 7012', '9HTFYV1', 1,20),
( '5206CE-12-233', 'COMPUTADORA DE ESCRITORIO, MONITOR DELL E1911 DE 19" CON NO. DE SERIE', 'DELL OPTIPLEX 7013', '9HTHYV1', 1,20),
( '5206CE-12-234', 'COMPUTADORA DE ESCRITORIO, MONITOR DELL E1911 DE 19" CON NO. DE SERIE', 'DELL OPTIPLEX 7014', '9HVFYV1', 1,20),
( '5206CE-12-235', 'COMPUTADORA DE ESCRITORIO, MONITOR DELL E1911 DE 19" CON NO. DE SERIE', 'DELL OPTIPLEX 7015', '9HWHYV1', 1,20),
( '5206CE-12-236', 'COMPUTADORA DE ESCRITORIO, MONITOR DELL E1911 DE 19" CON NO. DE SERIE', 'DELL OPTIPLEX 7016', '9HXJYV1', 1,20),
( '5206CE-12-237', 'COMPUTADORA DE ESCRITORIO, MONITOR DELL E1911 DE 19" CON NO. DE SERIE', 'DELL OPTIPLEX 7017', '9HYFYV1', 1,20),
( '5206CE-12-238', 'COMPUTADORA DE ESCRITORIO, MONITOR DELL E1911 DE 19" CON NO. DE SERIE', 'DELL OPTIPLEX 7018', '9HYHYV1', 1,20),
( '5206CE-12-239', 'COMPUTADORA DE ESCRITORIO, MONITOR DELL E1911 DE 19" CON NO. DE SERIE', 'DELL OPTIPLEX 7019', '9HYJYV1', 1,20),
( '5206CE-12-240', 'COMPUTADORA DE ESCRITORIO, MONITOR DELL E1911 DE 19" CON NO. DE SERIE', 'DELL OPTIPLEX 7020', '9J7HYV1', 1,20),
( '5206CE-12-241', 'COMPUTADORA DE ESCRITORIO, MONITOR DELL E1911 DE 19" CON NO. DE SERIE', 'DELL OPTIPLEX 7021', '9J8GYV1', 1,20),
( '5206CE-12-242', 'COMPUTADORA DE ESCRITORIO, MONITOR DELL E1911 DE 19" CON NO. DE SERIE', 'DELL OPTIPLEX 7022', '9J8HYV1', 1,20),
( '5206CE-12-243', 'COMPUTADORA DE ESCRITORIO, MONITOR DELL E1911 DE 19" CON NO. DE SERIE', 'DELL OPTIPLEX 7023', '9J8JYV1', 1,20),
( '5206CE-12-244', 'COMPUTADORA DE ESCRITORIO, MONITOR DELL E1911 DE 19" CON NO. DE SERIE', 'DELL OPTIPLEX 7024', '9J9HYV1', 1,20),
( '5206CE-12-245', 'COMPUTADORA DE ESCRITORIO, MONITOR DELL E1911 DE 19" CON NO. DE SERIE', 'DELL OPTIPLEX 7025', '9JBGYV1', 1,20),
( '5206CE-12-246', 'COMPUTADORA DE ESCRITORIO, MONITOR DELL E1911 DE 19" CON NO. DE SERIE', 'DELL OPTIPLEX 7026', '9JBHYV1', 1,20),
( '5206CE-12-247', 'COMPUTADORA DE ESCRITORIO, MONITOR DELL E1911 DE 19" CON NO. DE SERIE', 'DELL OPTIPLEX 7027', '9JCHYV1', 1,20),
( '5206CE-12-248', 'COMPUTADORA DE ESCRITORIO, MONITOR DELL E1911 DE 19" CON NO. DE SERIE', 'DELL OPTIPLEX 7028', '9JDGYV1', 1,20),
( '5206CE-12-249', 'COMPUTADORA DE ESCRITORIO, MONITOR DELL E1911 DE 19" CON NO. DE SERIE', 'DELL OPTIPLEX 7029', '9JDHYV1', 1,20),
( '5206CE-12-250', 'COMPUTADORA DE ESCRITORIO, MONITOR DELL E1911 DE 19" CON NO. DE SERIE', 'DELL OPTIPLEX 7030', '9JFGIYV1', 1,20),
( '5206CE-12-251', 'COMPUTADORA DE ESCRITORIO, MONITOR DELL E1911 DE 19" CON NO. DE SERIE', 'DELL OPTIPLEX 7031', '9JFHYV1', 1,20),
( '5206CE-12-252', 'COMPUTADORA DE ESCRITORIO, MONITOR DELL E1911 DE 19" CON NO. DE SERIE', 'DELL OPTIPLEX 7032', '9JFJYV1', 1,20),
( '5206CE-12-253', 'COMPUTADORA DE ESCRITORIO, MONITOR DELL E1911 DE 19" CON NO. DE SERIE', 'DELL OPTIPLEX 7033', '9JHHYV1', 1,20),
( '5206CE-12-254', 'COMPUTADORA DE ESCRITORIO, MONITOR DELL E1911 DE 19" CON NO. DE SERIE', 'DELL OPTIPLEX 7034', '9JJGYV1', 1,20),
( '5206CE-12-255', 'COMPUTADORA DE ESCRITORIO, MONITOR DELL E1911 DE 19" CON NO. DE SERIE', 'DELL OPTIPLEX 7035', '9HRJYV1', 1,20),
( '5206CE-12-256', 'COMPUTADORA DE ESCRITORIO, MONITOR DELL E1911 DE 19" CON NO. DE SERIE', 'DELL OPTIPLEX 7036', '9HSGYV1', 1,20),
( '5206CE-12-257', 'COMPUTADORA DE ESCRITORIO, MONITOR DELL E1911 DE 19" CON NO. DE SERIE', 'DELL OPTIPLEX 7037', '9HSFYV1', 1,20),
( '5206CE-12-258', 'COMPUTADORA DE ESCRITORIO, MONITOR DELL E1911 DE 19" CON NO. DE SERIE', 'DELL OPTIPLEX 7038', '9HTGYV1', 1,20),
( '5206CE-12-276', 'COMPUTADORA DE ESCRITORIO', 'DELL OPTIPLEX 7039', 'CPU.G403PW1 MON.2AP0EJ', 1,20),
( '5206CE-12-277', 'COMPUTADORA DE ESCRITORIO', 'DELL OPTIPLEX 7040', 'CPU.G401PW1 MON.2AP0FS', 1,20),
( '5206CE-12-278', 'COMPUTADORA DE ESCRITORIO', 'DELL OPTIPLEX 7041', 'CPU.G412PW1 MON.2AP0EQ', 1,20),
( '5206CE-12-279', 'COMPUTADORA DE ESCRITORIO', 'DELL OPTIPLEX 7042', 'CPU.G411PW1 MON.2AP0FH', 1,20),
( '5206CE-12-280', 'COMPUTADORA DE ESCRITORIO', 'DELL OPTIPLEX 7043', 'CPU.G402PW1 MON.2APOEL', 1,20),
( '5206CE-12-281', 'COMPUTADORA DE ESCRITORIO', 'DELL OPTIPLEX 7044', 'CPU.G490PW1 MON.29K044', 1,20),
( '5206CE-12-282', 'COMPUTADORA DE ESCRITORIO', 'DELL OPTIPLEX 7045', 'CPU.G480PW1 MON.2AP221', 1,20),
( '5206CE-12-283', 'COMPUTADORA DE ESCRITORIO', 'DELL OPTIPLEX 7046', 'CPU.G452PW1 MON.2AP21K', 1,20),
( '5206CE-12-284', 'COMPUTADORA DE ESCRITORIO', 'DELL OPTIPLEX 7047', 'CPU.G481PW1 MON.2AP1YT', 1,20),
( '5206CE-12-285', 'COMPUTADORA DE ESCRITORIO', 'DELL OPTIPLEX 7048', 'CPU.G470PW1 MON.29K05L', 1,20),
( '5206CE-12-286', 'COMPUTADORA DE ESCRITORIO', 'DELL OPTIPLEX 7049', 'CPU.G441PW1 MON.2AP21N', 1,20),
( '5206CE-12-287', 'COMPUTADORA DE ESCRITORIO', 'DELL OPTIPLEX 7050', 'CPU.G431PW1 MON.29K09H', 1,20),
( '5206CE-12-288', 'COMPUTADORA DE ESCRITORIO', 'DELL OPTIPLEX 7051', 'CPU.G443PW1 MON.2AP210', 1,20),
( '5206CE-12-289', 'COMPUTADORA DE ESCRITORIO', 'DELL OPTIPLEX 7052', 'CPU.G483PW1 MON.2AP1YY', 1,20),
( '5206CE-12-290', 'COMPUTADORA DE ESCRITORIO', 'DELL OPTIPLEX 7053', 'CPU.G442PW1 MON.29K06F', 1,20),
( '5206CE-12-291', 'COMPUTADORA DE ESCRITORIO', 'DELL OPTIPLEX 7054', 'CPU.G450PW1 MON.29K05J', 1,20),
( '5206CE-12-293', 'COMPUTADORA DE ESCRITORIO', 'DELL OPTIPLEX 7055', 'CPU.G413PW1 MON.2AP1Y0', 1,20),
( '5206CE-12-294', 'COMPUTADORA DE ESCRITORIO', 'DELL OPTIPLEX 7056', 'CPU.G422PW1 MON.2AP22C', 1,20),
( '5206CE-12-295', 'COMPUTADORA DE ESCRITORIO', 'DELL OPTIPLEX 7057', 'CPU.G462PW1 MON.29K05Q', 1,20),
( '5206CE-12-296', 'COMPUTADORA DE ESCRITORIO', 'DELL OPTIPLEX 7058', 'CPU.G461PW1 MON.29K05R', 1,20),
( '5206CE-12-298', 'COMPUTADORA DE ESCRITORIO', 'DELL OPTIPLEX 7059', 'CPU.G430PW1 MON.29K04', 1,20),
( '5206CE-12-299', 'COMPUTADORA DE ESCRITORIO', 'DELL OPTIPLEX 7060', 'CPU.G453PW1 MON.2AP21P', 1,20),
( '5206CE-12-300', 'COMPUTADORA DE ESCRITORIO', 'DELL OPTIPLEX 7061', 'CPU.G491PW1 MON.2AP21', 1,20),
( '5206CE-12-301', 'COMPUTADORA DE ESCRITORIO', 'DELL OPTIPLEX 7062', 'CPU.G451PW1 MON.2AP22F', 1,20),
( '5206CE-12-302', 'COMPUTADORA DE ESCRITORIO', 'DELL OPTIPLEX 7063', 'CPU. G440PW1 MON.2AP1LN', 1,20),
( '5206CE-12-303', 'COMPUTADORA DE ESCRITORIO', 'DELL OPTIPLEX 7064', 'CPU.G432PW1 MON.29K072', 1,20),
( '5206CE-12-304', 'COMPUTADORA DE ESCRITORIO', 'DELL OPTIPLEX 7065', 'CPU. G473PW1 MON. 29K05K', 1,20),
( '5206CE-12-305', 'COMPUTADORA DE ESCRITORIO', 'DELL OPTIPLEX 7066', 'CPU. G472PW1 MON. 29K070', 1,20),
( '5206CE-13-002', 'COMPUTADORA DE ESCRITORIO IMAC, DE 27", CON CPU INTEGRADO', 'APPLE AT1419', 'C02KG0Q1DNCW', 1,21),
( '5206CE-13-003', 'COMPUTADORA DE ESCRITORIO IMAC, DE 27", CON CPU INTEGRADO', 'APPLE AT1420', 'C02KG0U1DNCW', 1,21),
( '5206CE-13-004', 'COMPUTADORA DE ESCRITORIO IMAC, DE 27", CON CPU INTEGRADO', 'APPLE AT1421', 'C02KG0X2DNCW', 1,21),
( '5206CE-13-005', 'COMPUTADORA DE ESCRITORIO IMAC, DE 27", CON CPU INTEGRADO', 'APPLE AT1422', 'C02KG10XDNCW', 1,21),
( '5206CE-13-007', 'COMPUTADORA DE ESCRITORIO IMAC, DE 27", CON CPU INTEGRADO', 'APPLE AT1423', 'C02KG0U6DNCW', 1,21),
( '5206CE-13-008', 'COMPUTADORA DE ESCRITORIO IMAC, DE 27", CON CPU INTEGRADO', 'APPLE AT1424', 'C02KG0Y2DNCW', 1,21),
( '5206CE-13-009', 'COMPUTADORA DE ESCRITORIO IMAC, DE 27", CON CPU INTEGRADO', 'APPLE AT1425', 'C02KG11ADNCW', 1,21),
( '5206CE-13-010', 'COMPUTADORA DE ESCRITORIO IMAC, DE 27", CON CPU INTEGRADO', 'APPLE AT1426', 'C02KG0RTDNCW', 1,21),
( '5206CE-13-011', 'COMPUTADORA DE ESCRITORIO IMAC, DE 27", CON CPU INTEGRADO', 'APPLE AT1427', 'C02KG0UYDNCW', 1,21),
( '5206CE-13-012', 'COMPUTADORA DE ESCRITORIO IMAC, DE 27", CON CPU INTEGRADO', 'APPLE AT1428', 'C02KG0YLDNCW', 1,21),
( '5206CE-13-013', 'COMPUTADORA DE ESCRITORIO IMAC, DE 27", CON CPU INTEGRADO', 'APPLE AT1429', 'C02KG124DNCW', 1,21),
( '5206CE-13-014', 'COMPUTADORA DE ESCRITORIO IMAC, DE 27", CON CPU INTEGRADO', 'APPLE AT1430', 'C02KG0RUDNCW', 1,21),
( '5206CE-13-016', 'COMPUTADORA DE ESCRITORIO IMAC, DE 27", CON CPU INTEGRADO', 'APPLE AT1431', 'C02KG0ZMDNCW', 1,21),
( '5206CE-13-017', 'COMPUTADORA DE ESCRITORIO IMAC, DE 27", CON CPU INTEGRADO', 'APPLE AT1432', 'C02KG13ADNCW', 1,21),
( '5206CE-13-019', 'COMPUTADORA DE ESCRITORIO IMAC, DE 27", CON CPU INTEGRADO', 'APPLE AT1433', 'C02KG0WYDNCW', 1,21),
( '5206CE-13-024', 'COMPUTADORA DE ESCRITORIO', 'APPLE AT1434', '3T7X8Y1', 1,1),
( '5206CE-13-026', 'COMPUTADORA DE ESCRITORIO', 'APPLE AT1435', '5CYY8Y1', 1,1),
( '5206CE-13-068', 'COMPUTADORA DE ESCRITORIO IMAC, DE 27", CON CPU INTEGRADO', 'APPLE AT1436', 'C02LD2UHF8J5', 1,21),
( '5206CE-13-069', 'COMPUTADORA DE ESCRITORIO IMAC, DE 27", CON CPU INTEGRADO', 'APPLE AT1437', 'C02LD2TUF8J5', 1,21),
( '5206CE-13-070', 'COMPUTADORA DE ESCRITORIO IMAC, DE 27", CON CPU INTEGRADO', 'APPLE AT1438', 'C02L5257F8J5', 1,21),
( '5206CE-13-071', 'COMPUTADORA DE ESCRITORIO IMAC, DE 27", CON CPU INTEGRADO', 'APPLE AT1439', 'C02L5711F8J5', 1,21),
( '5206CE-13-074', 'COMPUTADORA DE ESCRITORIO IMAC, DE 27", CON CPU INTEGRADO', 'APPLE AT1440', 'C02L5IMDF8J5', 1,21),
( '5206CE-13-075', 'COMPUTADORA DE ESCRITORIO IMAC, DE 27", CON CPU INTEGRADO', 'APPLE AT1441', 'C02LD2Y4F8J5', 1,21),
( '5206CE-13-076', 'COMPUTADORA DE ESCRITORIO IMAC, DE 27", CON CPU INTEGRADO', 'APPLE AT1442', 'C02LD2VQF8J5', 1,21),
( '5206CE-13-078', 'COMPUTADORA DE ESCRITORIO IMAC, DE 27", CON CPU INTEGRADO', 'APPLE AT1443', 'C02L533KF8J5', 1,21),
( '5206CP-11-011', 'COMPUTADORA PERSONAL', 'DELL VOSTRO3500', '10193X1', 1,1),
( '5206CP-12-009', 'IPAD, WI-FI, DE 16 GB. BLACK', 'APPLE MD510E/A', 'DMTJJ9RYF182', 1,1),
( '5206CP-12-010', 'IPAD, WI-FI, DE 16 GB. BLACK', 'APPLE MD510E/A', 'DMPK22T1F183', 1,1),
( '5206CP-12-020', 'COMPUTADORA PORTÁTIL', 'DELL LATITUDE E5430', 'DSRH8W1', 1,1),
( '5206CP-12-021', 'COMPUTADORA PORTÁTIL', 'DELL LATITUDE E5430', 'F53J8W1', 1,1),
( '5206CP-12-029', 'COMPUTADORA PORTÁTIL', 'DELL VOSTRO 3560', '3WTZDW1', 1,1),
( '5206CP-13-019', 'LAP TOP', 'DELL VOSTRO 3460', 'ZRYT1Y1', 1,1),
( '5206IM-12-012', 'IMPRESORA DE CD (IMPRESIÓN Y SERIGRAFÍA DE DISCOS COMPACTOS)', 'PRIMERA BRAVO', '2120800128', 1,1),
( '52101CÑ-14-005', 'VIDEO PROYECTOR', 'BENQ MS616ST 3D', '4Z00916EF', 1,15),
( '52101CÑ-15-003', 'PROYECTOR DLP', 'NEC NPVE282B', '49F0931ED', 1,3),
( '52101CÑ-15-013', 'PROYECTOR TIRO NORMAL', 'BENQ MS504', 'PDG2F01940000S', 1,20),
( '52101CÑ-16-004', 'PROYECTOR', 'BENQ MX525', 'PD4CF01988000', 1,1),
( '52101CÑ-18-001', 'PROYECTOR DLP BENQ MS531-3D READY', 'BENQ MS531-3D READY', 'PDS8H0010104E', 1,1),
( '52101CÑ-18-003', 'PROYECTOR DLP BENQ MX532-3D READY', 'BENQ MX532-3D READY', 'PDB8H0094504E', 1,20),
( '52101CÑ-18-009', 'VIDEOPROYECTOR', 'OPTOMA S343/X341', 'Q72G802AAAAAC0504', 1,25),
( '52101CÑ-18-010', 'VIDEOPROYECTOR', 'OPTOMA S343/X341', 'Q72G819AAAAAC0017', 1,24),
( '52101CÑ-19-006', 'PROYECTOR', 'BENQ MS550', 'PD28K02174000',1,2),
( '52101PP-15-002', 'LABORATORIO Y AULAS CON PLATAFORMA DE APRENDIZAJE DINÁMICO (PANTALLA', 'SAMSUNG SMART TV 60', '039C3CRG501503', 1,27),
( '52101PP-15-005', 'LABORATORIO Y AULAS CON PLATAFORMA DE APRENDIZAJE DINÁMICO (PANTALLA', 'TOUCH BOARD TBD-65NB', 'H65UX2FU4A0123', 1,21),
( '52101PP-15-006', 'LABORATORIO Y AULAS CON PLATAFORMA DE APRENDIZAJE DINÁMICO (PANTALLA', 'TOUCH BOARD TBD-65NB', 'H65UX2FU4A0140', 1,23),
( '52901EV-17-001', 'LENTES DE REALIDAD VIRTUAL', 'OCULUS RIFT', 'WMVR104A300J81', 1,1),
( '59101XX-14-019', 'LICENCIA DE UNITY 3D', 'UNITY UNITY 5.X PRO', 'E3-249Z-BER5-H2MX-WAF2-', 1,1),
( '59601FR-14-001', 'FRANQUICIA VIP ANUAL CON PABLOLLEDO', 'PABLOLLEDO 2014', 'PMP27943', 1,1),
( '21401CE-20-034', 'COMPUTADORA DE ESCRITORIO', 'ZSPACE T1700 T200MC', 'H813942', 1,23),
( '21401RV-20-041', 'REGULADOR ELECTRONICO DE TENSIÓN', 'KOBLENZ ER-2550 ER-2550 H813942', '20-07 0701', 1,20),
( '21401TC-22-007', 'MOTOROLA E7 GRIS MINERA', 'MOTOROLA E7 E7 IMEI: 356915118449098 SIM:', 'IMEI: 356915118449098 SIM:', 1,1);


CREATE TABLE History(
	Date_Creation TIMESTAMP DEFAULT CURRENT_TIMESTAMP,
    Inventory_Number VARCHAR (45) NOT NULL,
    Article VARCHAR(255)NOT NULL,
    Type_Transaction VARCHAR(60) NOT NULL,
    Username VARCHAR(100) NOT NULL
);


DELIMITER $$

CREATE PROCEDURE InsertHistory(IN p_inventory_number VARCHAR(45), IN p_article VARCHAR(255), IN p_type_transaction VARCHAR(60),IN p_username VARCHAR(100))
BEGIN
INSERT INTO History (Inventory_Number, Article, Type_Transaction, Username)
VALUES (p_inventory_number, p_article, p_type_transaction, p_username);
END$$

DELIMITER ;











